index,지역명,연도,월,평당분양가격,전용면적
0,서울,2016,1,21209.1,60㎡
1,서울,2016,1,19918.8,60㎡~85㎡
2,서울,2016,1,21492.899999999998,85㎡~102㎡
3,서울,2016,1,21618.3,102㎡~
4,서울,2016,2,21245.399999999998,60㎡
5,서울,2016,2,19928.7,60㎡~85㎡
6,서울,2016,2,21492.899999999998,85㎡~102㎡
7,서울,2016,2,21311.399999999998,102㎡~
8,서울,2016,3,21615.0,60㎡
9,서울,2016,3,20219.1,60㎡~85㎡
10,서울,2016,3,23690.699999999997,85㎡~102㎡
11,서울,2016,3,21024.3,102㎡~
12,서울,2016,4,21839.399999999998,60㎡
13,서울,2016,4,20446.8,60㎡~85㎡
14,서울,2016,4,26716.8,85㎡~102㎡
15,서울,2016,4,20964.899999999998,102㎡~
16,서울,2016,5,21905.399999999998,60㎡
17,서울,2016,5,20476.5,60㎡~85㎡
18,서울,2016,5,25492.5,85㎡~102㎡
19,서울,2016,5,20964.899999999998,102㎡~
20,서울,2016,6,21654.6,60㎡
21,서울,2016,6,20519.399999999998,60㎡~85㎡
22,서울,2016,6,25515.6,85㎡~102㎡
23,서울,2016,6,21004.5,102㎡~
24,서울,2016,7,21816.3,60㎡
25,서울,2016,7,21116.699999999997,60㎡~85㎡
26,서울,2016,7,25515.6,85㎡~102㎡
27,서울,2016,7,21030.899999999998,102㎡~
28,서울,2016,8,21753.6,60㎡
29,서울,2016,8,21199.199999999997,60㎡~85㎡
30,서울,2016,8,23991.0,85㎡~102㎡
31,서울,2016,8,21789.899999999998,102㎡~
32,서울,2016,9,21664.5,60㎡
33,서울,2016,9,21159.6,60㎡~85㎡
34,서울,2016,9,24469.5,85㎡~102㎡
35,서울,2016,9,21684.3,102㎡~
36,서울,2016,10,21981.3,60㎡
37,서울,2016,10,21572.1,60㎡~85㎡
38,서울,2016,10,24420.0,85㎡~102㎡
39,서울,2016,10,23895.3,102㎡~
40,서울,2016,11,22093.5,60㎡
41,서울,2016,11,21476.399999999998,60㎡~85㎡
42,서울,2016,11,22271.699999999997,85㎡~102㎡
43,서울,2016,11,20955.0,102㎡~
44,서울,2016,12,22152.899999999998,60㎡
45,서울,2016,12,21423.6,60㎡~85㎡
46,서울,2016,12,23199.0,85㎡~102㎡
47,서울,2016,12,22344.3,102㎡~
48,서울,2017,1,21984.6,60㎡
49,서울,2017,1,21450.0,60㎡~85㎡
50,서울,2017,1,23199.0,85㎡~102㎡
51,서울,2017,1,22344.3,102㎡~
52,서울,2017,2,22004.399999999998,60㎡
53,서울,2017,2,21522.6,60㎡~85㎡
54,서울,2017,2,21961.5,85㎡~102㎡
55,서울,2017,2,22746.899999999998,102㎡~
56,서울,2017,3,21681.0,60㎡
57,서울,2017,3,21186.0,60㎡~85㎡
58,서울,2017,3,21308.1,85㎡~102㎡
59,서울,2017,3,22139.699999999997,102㎡~
60,서울,2017,4,21681.0,60㎡
61,서울,2017,4,21166.199999999997,60㎡~85㎡
62,서울,2017,4,21308.1,85㎡~102㎡
63,서울,2017,4,22149.6,102㎡~
64,서울,2017,5,21753.6,60㎡
65,서울,2017,5,21321.3,60㎡~85㎡
66,서울,2017,5,21146.399999999998,85㎡~102㎡
67,서울,2017,5,22027.5,102㎡~
68,서울,2017,6,21318.0,60㎡
69,서울,2017,6,21235.5,60㎡~85㎡
70,서울,2017,6,23515.8,85㎡~102㎡
71,서울,2017,6,22931.699999999997,102㎡~
72,서울,2017,7,21483.0,60㎡
73,서울,2017,7,20928.6,60㎡~85㎡
74,서울,2017,7,23515.8,85㎡~102㎡
75,서울,2017,7,22222.199999999997,102㎡~
76,서울,2017,8,21024.3,60㎡
77,서울,2017,8,19628.399999999998,60㎡~85㎡
78,서울,2017,8,23321.1,85㎡~102㎡
79,서울,2017,8,20638.199999999997,102㎡~
80,서울,2017,9,22331.1,60㎡
81,서울,2017,9,19595.399999999998,60㎡~85㎡
82,서울,2017,9,26027.1,85㎡~102㎡
83,서울,2017,9,22073.699999999997,102㎡~
84,서울,2017,10,22489.5,60㎡
85,서울,2017,10,19582.2,60㎡~85㎡
86,서울,2017,10,24004.199999999997,85㎡~102㎡
87,서울,2017,10,21644.699999999997,102㎡~
88,서울,2017,11,23469.600000000002,60㎡
89,서울,2017,11,19400.699999999997,60㎡~85㎡
90,서울,2017,11,24677.399999999998,85㎡~102㎡
91,서울,2017,11,22822.8,102㎡~
92,서울,2017,12,23116.5,60㎡
93,서울,2017,12,19364.399999999998,60㎡~85㎡
94,서울,2017,12,24677.399999999998,85㎡~102㎡
95,서울,2017,12,22822.8,102㎡~
96,서울,2018,1,22763.399999999998,60㎡
97,서울,2018,1,19328.1,60㎡~85㎡
98,서울,2018,1,24677.399999999998,85㎡~102㎡
99,서울,2018,1,22822.8,102㎡~
100,서울,2018,2,22793.1,60㎡
101,서울,2018,2,21030.899999999998,60㎡~85㎡
102,서울,2018,2,24733.5,85㎡~102㎡
103,서울,2018,2,22799.699999999997,102㎡~
104,서울,2018,3,23736.899999999998,60㎡
105,서울,2018,3,21624.899999999998,60㎡~85㎡
106,서울,2018,3,25815.899999999998,85㎡~102㎡
107,서울,2018,3,23898.6,102㎡~
108,서울,2018,4,23746.8,60㎡
109,서울,2018,4,21648.0,60㎡~85㎡
110,서울,2018,4,25815.899999999998,85㎡~102㎡
111,서울,2018,4,23898.6,102㎡~
112,서울,2018,5,24149.399999999998,60㎡
113,서울,2018,5,21879.0,60㎡~85㎡
114,서울,2018,5,26723.399999999998,85㎡~102㎡
115,서울,2018,5,23931.6,102㎡~
116,서울,2018,6,23865.6,60㎡
117,서울,2018,6,22238.699999999997,60㎡~85㎡
118,서울,2018,6,25050.3,85㎡~102㎡
119,서울,2018,6,22786.5,102㎡~
120,서울,2018,7,24288.0,60㎡
121,서울,2018,7,22803.0,60㎡~85㎡
122,서울,2018,7,25050.3,85㎡~102㎡
123,서울,2018,7,22816.199999999997,102㎡~
124,서울,2018,8,23486.1,60㎡
125,서울,2018,8,22459.8,60㎡~85㎡
126,서울,2018,8,21951.6,85㎡~102㎡
127,서울,2018,8,21374.1,102㎡~
128,서울,2018,9,21882.3,60㎡
129,서울,2018,9,23703.899999999998,60㎡~85㎡
130,서울,2018,9,16701.3,85㎡~102㎡
131,서울,2018,9,21575.399999999998,102㎡~
132,서울,2018,10,22459.8,60㎡
133,서울,2018,10,25175.699999999997,60㎡~85㎡
134,서울,2018,10,22578.6,85㎡~102㎡
135,서울,2018,10,24330.899999999998,102㎡~
136,서울,2018,11,23156.1,60㎡
137,서울,2018,11,25146.0,60㎡~85㎡
138,서울,2018,11,22578.6,85㎡~102㎡
139,서울,2018,11,24258.3,102㎡~
140,서울,2018,12,24413.399999999998,60㎡
141,서울,2018,12,26037.0,60㎡~85㎡
142,서울,2018,12,22578.6,85㎡~102㎡
143,서울,2018,12,24898.5,102㎡~
144,서울,2019,1,24420.0,60㎡
145,서울,2019,1,26746.5,60㎡~85㎡
146,서울,2019,1,22578.6,85㎡~102㎡
147,서울,2019,1,25697.1,102㎡~
148,서울,2019,2,25258.199999999997,60㎡
149,서울,2019,2,26865.3,60㎡~85㎡
150,서울,2019,2,22578.6,85㎡~102㎡
151,서울,2019,2,24182.399999999998,102㎡~
152,서울,2019,3,25575.0,60㎡
153,서울,2019,3,27030.3,60㎡~85㎡
154,서울,2019,3,22578.6,85㎡~102㎡
155,서울,2019,3,23779.8,102㎡~
156,서울,2019,4,26050.199999999997,60㎡
157,서울,2019,4,27297.6,60㎡~85㎡
158,서울,2019,4,22578.6,85㎡~102㎡
159,서울,2019,4,25353.899999999998,102㎡~
160,서울,2019,5,26743.199999999997,60㎡
161,서울,2019,5,27508.8,60㎡~85㎡
162,서울,2019,5,22578.6,85㎡~102㎡
163,서울,2019,5,25842.3,102㎡~
164,서울,2019,6,27327.3,60㎡
165,서울,2019,6,28340.399999999998,60㎡~85㎡
166,서울,2019,6,42002.399999999994,85㎡~102㎡
167,서울,2019,6,27819.0,102㎡~
168,서울,2019,7,27162.3,60㎡
169,서울,2019,7,28069.8,60㎡~85㎡
170,서울,2019,7,42002.399999999994,85㎡~102㎡
171,서울,2019,7,27819.0,102㎡~
172,서울,2019,8,27135.899999999998,60㎡
173,서울,2019,8,28254.6,60㎡~85㎡
174,서울,2019,8,42002.399999999994,85㎡~102㎡
175,서울,2019,8,29257.8,102㎡~
176,서울,2019,9,27076.5,60㎡
177,서울,2019,9,28287.6,60㎡~85㎡
178,서울,2019,9,42002.399999999994,85㎡~102㎡
179,서울,2019,9,29607.6,102㎡~
180,서울,2019,10,27159.0,60㎡
181,서울,2019,10,28294.199999999997,60㎡~85㎡
182,서울,2019,10,42002.399999999994,85㎡~102㎡
183,서울,2019,10,29379.899999999998,102㎡~
184,서울,2019,11,27046.8,60㎡
185,서울,2019,11,27390.0,60㎡~85㎡
186,서울,2019,11,42002.399999999994,85㎡~102㎡
187,서울,2019,11,29541.6,102㎡~
188,서울,2019,12,26779.5,60㎡
189,서울,2019,12,26964.3,60㎡~85㎡
190,서울,2019,12,42002.399999999994,85㎡~102㎡
191,서울,2019,12,29663.699999999997,102㎡~
192,서울,2020,1,27489.0,60㎡
193,서울,2020,1,26845.5,60㎡~85㎡
194,서울,2020,1,42002.399999999994,85㎡~102㎡
195,서울,2020,1,28970.699999999997,102㎡~
196,서울,2020,2,27036.899999999998,60㎡
197,서울,2020,2,26862.0,60㎡~85㎡
198,서울,2020,2,45655.5,85㎡~102㎡
199,서울,2020,2,29828.699999999997,102㎡~
200,서울,2020,3,28158.899999999998,60㎡
201,서울,2020,3,26928.0,60㎡~85㎡
202,서울,2020,3,45655.5,85㎡~102㎡
203,서울,2020,3,29815.5,102㎡~
204,서울,2020,4,27769.5,60㎡
205,서울,2020,4,26733.3,60㎡~85㎡
206,서울,2020,4,45655.5,85㎡~102㎡
207,서울,2020,4,30993.6,102㎡~
208,서울,2020,5,27825.6,60㎡
209,서울,2020,5,27442.8,60㎡~85㎡
210,서울,2020,5,36359.4,85㎡~102㎡
211,서울,2020,5,31039.8,102㎡~
212,서울,2020,6,28287.6,60㎡
213,서울,2020,6,28300.8,60㎡~85㎡
214,서울,2020,6,41537.1,85㎡~102㎡
215,서울,2020,6,31043.1,102㎡~
216,서울,2020,7,27304.199999999997,60㎡
217,서울,2020,7,26561.699999999997,60㎡~85㎡
218,서울,2020,7,32795.4,85㎡~102㎡
219,서울,2020,7,28726.5,102㎡~
220,서울,2020,8,27251.399999999998,60㎡
221,서울,2020,8,26545.199999999997,60㎡~85㎡
222,서울,2020,8,32795.4,85㎡~102㎡
223,서울,2020,8,28726.5,102㎡~
224,서울,2020,9,27360.3,60㎡
225,서울,2020,9,26515.5,60㎡~85㎡
226,서울,2020,9,32795.4,85㎡~102㎡
227,서울,2020,9,28719.899999999998,102㎡~
228,서울,2020,10,27215.1,60㎡
229,서울,2020,10,26442.899999999998,60㎡~85㎡
230,서울,2020,10,32795.4,85㎡~102㎡
231,서울,2020,10,28634.1,102㎡~
232,서울,2020,11,27838.8,60㎡
233,서울,2020,11,27000.6,60㎡~85㎡
234,서울,2020,11,32795.4,85㎡~102㎡
235,서울,2020,11,28634.1,102㎡~
236,서울,2020,12,28680.3,60㎡
237,서울,2020,12,26043.6,60㎡~85㎡
238,서울,2020,12,32237.699999999997,85㎡~102㎡
239,서울,2020,12,31287.3,102㎡~
0,경기,2016,1,10866.9,60㎡
1,경기,2016,1,10932.9,60㎡~85㎡
2,경기,2016,1,11385.0,85㎡~102㎡
3,경기,2016,1,12705.0,102㎡~
4,경기,2016,2,10870.199999999999,60㎡
5,경기,2016,2,10784.4,60㎡~85㎡
6,경기,2016,2,11157.3,85㎡~102㎡
7,경기,2016,2,12107.699999999999,102㎡~
8,경기,2016,3,11355.3,60㎡
9,경기,2016,3,10754.699999999999,60㎡~85㎡
10,경기,2016,3,11097.9,85㎡~102㎡
11,경기,2016,3,12144.0,102㎡~
12,경기,2016,4,11220.0,60㎡
13,경기,2016,4,10701.9,60㎡~85㎡
14,경기,2016,4,11203.5,85㎡~102㎡
15,경기,2016,4,11916.3,102㎡~
16,경기,2016,5,12276.0,60㎡
17,경기,2016,5,11361.9,60㎡~85㎡
18,경기,2016,5,11121.0,85㎡~102㎡
19,경기,2016,5,13054.8,102㎡~
20,경기,2016,6,12477.3,60㎡
21,경기,2016,6,11678.699999999999,60㎡~85㎡
22,경기,2016,6,11002.199999999999,85㎡~102㎡
23,경기,2016,6,13440.9,102㎡~
24,경기,2016,7,12490.5,60㎡
25,경기,2016,7,11652.3,60㎡~85㎡
26,경기,2016,7,11035.199999999999,85㎡~102㎡
27,경기,2016,7,13609.199999999999,102㎡~
28,경기,2016,8,12500.4,60㎡
29,경기,2016,8,11721.599999999999,60㎡~85㎡
30,경기,2016,8,10899.9,85㎡~102㎡
31,경기,2016,8,13351.8,102㎡~
32,경기,2016,9,11365.199999999999,60㎡
33,경기,2016,9,10942.8,60㎡~85㎡
34,경기,2016,9,10824.0,85㎡~102㎡
35,경기,2016,9,13460.699999999999,102㎡~
36,경기,2016,10,11576.4,60㎡
37,경기,2016,10,11183.699999999999,60㎡~85㎡
38,경기,2016,10,10906.5,85㎡~102㎡
39,경기,2016,10,13922.699999999999,102㎡~
40,경기,2016,11,12045.0,60㎡
41,경기,2016,11,11540.099999999999,60㎡~85㎡
42,경기,2016,11,11348.699999999999,85㎡~102㎡
43,경기,2016,11,13959.0,102㎡~
44,경기,2016,12,11886.599999999999,60㎡
45,경기,2016,12,11576.4,60㎡~85㎡
46,경기,2016,12,11088.0,85㎡~102㎡
47,경기,2016,12,13955.699999999999,102㎡~
48,경기,2017,1,11909.699999999999,60㎡
49,경기,2017,1,11576.4,60㎡~85㎡
50,경기,2017,1,11088.0,85㎡~102㎡
51,경기,2017,1,13955.699999999999,102㎡~
52,경기,2017,2,12051.599999999999,60㎡
53,경기,2017,2,11754.599999999999,60㎡~85㎡
54,경기,2017,2,11398.199999999999,85㎡~102㎡
55,경기,2017,2,14176.8,102㎡~
56,경기,2017,3,12450.9,60㎡
57,경기,2017,3,11830.5,60㎡~85㎡
58,경기,2017,3,11639.099999999999,85㎡~102㎡
59,경기,2017,3,14259.3,102㎡~
60,경기,2017,4,12579.599999999999,60㎡
61,경기,2017,4,11721.599999999999,60㎡~85㎡
62,경기,2017,4,11906.4,85㎡~102㎡
63,경기,2017,4,14100.9,102㎡~
64,경기,2017,5,11972.4,60㎡
65,경기,2017,5,11424.599999999999,60㎡~85㎡
66,경기,2017,5,11850.3,85㎡~102㎡
67,경기,2017,5,13348.5,102㎡~
68,경기,2017,6,12114.3,60㎡
69,경기,2017,6,11586.3,60㎡~85㎡
70,경기,2017,6,12064.8,85㎡~102㎡
71,경기,2017,6,13371.599999999999,102㎡~
72,경기,2017,7,12233.099999999999,60㎡
73,경기,2017,7,11959.199999999999,60㎡~85㎡
74,경기,2017,7,11896.5,85㎡~102㎡
75,경기,2017,7,13414.5,102㎡~
76,경기,2017,8,12731.4,60㎡
77,경기,2017,8,11955.9,60㎡~85㎡
78,경기,2017,8,12190.199999999999,85㎡~102㎡
79,경기,2017,8,13322.099999999999,102㎡~
80,경기,2017,9,12876.599999999999,60㎡
81,경기,2017,9,11883.3,60㎡~85㎡
82,경기,2017,9,12196.8,85㎡~102㎡
83,경기,2017,9,13348.5,102㎡~
84,경기,2017,10,12635.699999999999,60㎡
85,경기,2017,10,11794.199999999999,60㎡~85㎡
86,경기,2017,10,12437.699999999999,85㎡~102㎡
87,경기,2017,10,13229.699999999999,102㎡~
88,경기,2017,11,11678.699999999999,60㎡
89,경기,2017,11,10926.299999999997,60㎡~85㎡
90,경기,2017,11,10038.599999999999,85㎡~102㎡
91,경기,2017,11,11979.0,102㎡~
92,경기,2017,12,12635.699999999999,60㎡
93,경기,2017,12,11721.599999999999,60㎡~85㎡
94,경기,2017,12,12196.8,85㎡~102㎡
95,경기,2017,12,13632.3,102㎡~
96,경기,2018,1,13592.699999999999,60㎡
97,경기,2018,1,12516.9,60㎡~85㎡
98,경기,2018,1,14355.0,85㎡~102㎡
99,경기,2018,1,15285.599999999999,102㎡~
100,경기,2018,2,14011.8,60㎡
101,경기,2018,2,12625.8,60㎡~85㎡
102,경기,2018,2,14358.3,85㎡~102㎡
103,경기,2018,2,15361.5,102㎡~
104,경기,2018,3,14018.4,60㎡
105,경기,2018,3,12625.8,60㎡~85㎡
106,경기,2018,3,14091.0,85㎡~102㎡
107,경기,2018,3,15315.3,102㎡~
108,경기,2018,4,14044.8,60㎡
109,경기,2018,4,12658.8,60㎡~85㎡
110,경기,2018,4,14338.5,85㎡~102㎡
111,경기,2018,4,15163.5,102㎡~
112,경기,2018,5,14602.5,60㎡
113,경기,2018,5,13180.199999999999,60㎡~85㎡
114,경기,2018,5,14668.5,85㎡~102㎡
115,경기,2018,5,14906.099999999999,102㎡~
116,경기,2018,6,14853.3,60㎡
117,경기,2018,6,12955.8,60㎡~85㎡
118,경기,2018,6,15064.5,85㎡~102㎡
119,경기,2018,6,14289.0,102㎡~
120,경기,2018,7,15107.4,60㎡
121,경기,2018,7,13011.9,60㎡~85㎡
122,경기,2018,7,15384.599999999999,85㎡~102㎡
123,경기,2018,7,15090.9,102㎡~
124,경기,2018,8,14714.699999999999,60㎡
125,경기,2018,8,13546.5,60㎡~85㎡
126,경기,2018,8,16094.099999999999,85㎡~102㎡
127,경기,2018,8,15483.599999999999,102㎡~
128,경기,2018,9,14467.199999999999,60㎡
129,경기,2018,9,13602.599999999999,60㎡~85㎡
130,경기,2018,9,16084.199999999999,85㎡~102㎡
131,경기,2018,9,15496.8,102㎡~
132,경기,2018,10,14404.5,60㎡
133,경기,2018,10,13757.699999999999,60㎡~85㎡
134,경기,2018,10,16084.199999999999,85㎡~102㎡
135,경기,2018,10,15335.099999999999,102㎡~
136,경기,2018,11,14292.3,60㎡
137,경기,2018,11,13777.5,60㎡~85㎡
138,경기,2018,11,16724.399999999998,85㎡~102㎡
139,경기,2018,11,15269.099999999999,102㎡~
140,경기,2018,12,14648.699999999999,60㎡
141,경기,2018,12,13629.0,60㎡~85㎡
142,경기,2018,12,16130.4,85㎡~102㎡
143,경기,2018,12,16252.5,102㎡~
144,경기,2019,1,14652.0,60㎡
145,경기,2019,1,13912.8,60㎡~85㎡
146,경기,2019,1,16186.5,85㎡~102㎡
147,경기,2019,1,16272.3,102㎡~
148,경기,2019,2,14665.199999999999,60㎡
149,경기,2019,2,13912.8,60㎡~85㎡
150,경기,2019,2,16559.399999999998,85㎡~102㎡
151,경기,2019,2,16318.5,102㎡~
152,경기,2019,3,13860.0,60㎡
153,경기,2019,3,14440.8,60㎡~85㎡
154,경기,2019,3,15249.3,85㎡~102㎡
155,경기,2019,3,16929.0,102㎡~
156,경기,2019,4,13810.5,60㎡
157,경기,2019,4,14470.5,60㎡~85㎡
158,경기,2019,4,15368.099999999999,85㎡~102㎡
159,경기,2019,4,17595.6,102㎡~
160,경기,2019,5,14734.5,60㎡
161,경기,2019,5,14150.4,60㎡~85㎡
162,경기,2019,5,16668.3,85㎡~102㎡
163,경기,2019,5,18711.0,102㎡~
164,경기,2019,6,15216.3,60㎡
165,경기,2019,6,15018.3,60㎡~85㎡
166,경기,2019,6,17371.2,85㎡~102㎡
167,경기,2019,6,18707.7,102㎡~
168,경기,2019,7,14592.599999999999,60㎡
169,경기,2019,7,14127.3,60㎡~85㎡
170,경기,2019,7,17371.2,85㎡~102㎡
171,경기,2019,7,18245.7,102㎡~
172,경기,2019,8,15450.599999999999,60㎡
173,경기,2019,8,14236.199999999999,60㎡~85㎡
174,경기,2019,8,17437.2,85㎡~102㎡
175,경기,2019,8,17724.3,102㎡~
176,경기,2019,9,15899.4,60㎡
177,경기,2019,9,14612.4,60㎡~85㎡
178,경기,2019,9,17437.2,85㎡~102㎡
179,경기,2019,9,17724.3,102㎡~
180,경기,2019,10,16090.8,60㎡
181,경기,2019,10,14364.9,60㎡~85㎡
182,경기,2019,10,17437.2,85㎡~102㎡
183,경기,2019,10,17463.6,102㎡~
184,경기,2019,11,16120.5,60㎡
185,경기,2019,11,14325.3,60㎡~85㎡
186,경기,2019,11,17437.2,85㎡~102㎡
187,경기,2019,11,17628.6,102㎡~
188,경기,2019,12,16272.3,60㎡
189,경기,2019,12,14487.0,60㎡~85㎡
190,경기,2019,12,17945.399999999998,85㎡~102㎡
191,경기,2019,12,17094.0,102㎡~
192,경기,2020,1,16298.699999999999,60㎡
193,경기,2020,1,14533.199999999999,60㎡~85㎡
194,경기,2020,1,18031.2,85㎡~102㎡
195,경기,2020,1,17173.2,102㎡~
196,경기,2020,2,16229.4,60㎡
197,경기,2020,2,14526.599999999999,60㎡~85㎡
198,경기,2020,2,17879.399999999998,85㎡~102㎡
199,경기,2020,2,16938.899999999998,102㎡~
200,경기,2020,3,16146.9,60㎡
201,경기,2020,3,14440.8,60㎡~85㎡
202,경기,2020,3,17975.1,85㎡~102㎡
203,경기,2020,3,16978.5,102㎡~
204,경기,2020,4,16183.199999999999,60㎡
205,경기,2020,4,14751.0,60㎡~85㎡
206,경기,2020,4,18958.5,85㎡~102㎡
207,경기,2020,4,17094.0,102㎡~
208,경기,2020,5,14275.8,60㎡
209,경기,2020,5,13876.5,60㎡~85㎡
210,경기,2020,5,14701.5,85㎡~102㎡
211,경기,2020,5,14457.3,102㎡~
212,경기,2020,6,14051.4,60㎡
213,경기,2020,6,13510.199999999999,60㎡~85㎡
214,경기,2020,6,14787.3,85㎡~102㎡
215,경기,2020,6,14968.8,102㎡~
216,경기,2020,7,14120.699999999999,60㎡
217,경기,2020,7,14239.5,60㎡~85㎡
218,경기,2020,7,15450.599999999999,85㎡~102㎡
219,경기,2020,7,14328.599999999999,102㎡~
220,경기,2020,8,13556.4,60㎡
221,경기,2020,8,14275.8,60㎡~85㎡
222,경기,2020,8,15615.599999999999,85㎡~102㎡
223,경기,2020,8,14130.599999999999,102㎡~
224,경기,2020,9,13609.199999999999,60㎡
225,경기,2020,9,14407.8,60㎡~85㎡
226,경기,2020,9,15615.599999999999,85㎡~102㎡
227,경기,2020,9,14496.9,102㎡~
228,경기,2020,10,13619.099999999999,60㎡
229,경기,2020,10,14407.8,60㎡~85㎡
230,경기,2020,10,15678.3,85㎡~102㎡
231,경기,2020,10,16077.599999999999,102㎡~
232,경기,2020,11,13625.699999999999,60㎡
233,경기,2020,11,14374.8,60㎡~85㎡
234,경기,2020,11,15104.099999999999,85㎡~102㎡
235,경기,2020,11,17397.6,102㎡~
236,경기,2020,12,13368.3,60㎡
237,경기,2020,12,14529.9,60㎡~85㎡
238,경기,2020,12,15213.0,85㎡~102㎡
239,경기,2020,12,17754.0,102㎡~
0,부산,2016,1,9738.3,60㎡
1,부산,2016,1,10088.1,60㎡~85㎡
2,부산,2016,1,9758.1,85㎡~102㎡
3,부산,2016,1,12579.599999999999,102㎡~
4,부산,2016,2,9896.699999999999,60㎡
5,부산,2016,2,10098.0,60㎡~85㎡
6,부산,2016,2,9758.1,85㎡~102㎡
7,부산,2016,2,12579.599999999999,102㎡~
8,부산,2016,3,9738.3,60㎡
9,부산,2016,3,10236.599999999999,60㎡~85㎡
10,부산,2016,3,9758.1,85㎡~102㎡
11,부산,2016,3,12299.099999999999,102㎡~
12,부산,2016,4,9810.9,60㎡
13,부산,2016,4,10187.099999999999,60㎡~85㎡
14,부산,2016,4,9669.0,85㎡~102㎡
15,부산,2016,4,12299.099999999999,102㎡~
16,부산,2016,5,9824.1,60㎡
17,부산,2016,5,10134.3,60㎡~85㎡
18,부산,2016,5,10216.8,85㎡~102㎡
19,부산,2016,5,11668.8,102㎡~
20,부산,2016,6,9807.6,60㎡
21,부산,2016,6,10127.699999999999,60㎡~85㎡
22,부산,2016,6,10734.9,85㎡~102㎡
23,부산,2016,6,12285.9,102㎡~
24,부산,2016,7,9896.699999999999,60㎡
25,부산,2016,7,10167.3,60㎡~85㎡
26,부산,2016,7,10880.099999999999,85㎡~102㎡
27,부산,2016,7,12784.199999999999,102㎡~
28,부산,2016,8,10068.3,60㎡
29,부산,2016,8,10233.3,60㎡~85㎡
30,부산,2016,8,11163.9,85㎡~102㎡
31,부산,2016,8,12784.199999999999,102㎡~
32,부산,2016,9,10055.1,60㎡
33,부산,2016,9,10253.099999999999,60㎡~85㎡
34,부산,2016,9,11163.9,85㎡~102㎡
35,부산,2016,9,12784.199999999999,102㎡~
36,부산,2016,10,10131.0,60㎡
37,부산,2016,10,10187.099999999999,60㎡~85㎡
38,부산,2016,10,11203.5,85㎡~102㎡
39,부산,2016,10,12672.0,102㎡~
40,부산,2016,11,10028.699999999999,60㎡
41,부산,2016,11,10131.0,60㎡~85㎡
42,부산,2016,11,11203.5,85㎡~102㎡
43,부산,2016,11,12672.0,102㎡~
44,부산,2016,12,9999.0,60㎡
45,부산,2016,12,10721.699999999999,60㎡~85㎡
46,부산,2016,12,11068.199999999999,85㎡~102㎡
47,부산,2016,12,13906.199999999999,102㎡~
48,부산,2017,1,9999.0,60㎡
49,부산,2017,1,10692.0,60㎡~85㎡
50,부산,2017,1,11068.199999999999,85㎡~102㎡
51,부산,2017,1,13906.199999999999,102㎡~
52,부산,2017,2,9999.0,60㎡
53,부산,2017,2,10688.699999999999,60㎡~85㎡
54,부산,2017,2,11068.199999999999,85㎡~102㎡
55,부산,2017,2,13906.199999999999,102㎡~
56,부산,2017,3,10305.9,60㎡
57,부산,2017,3,10800.9,60㎡~85㎡
58,부산,2017,3,11068.199999999999,85㎡~102㎡
59,부산,2017,3,12972.3,102㎡~
60,부산,2017,4,10193.699999999999,60㎡
61,부산,2017,4,10913.099999999999,60㎡~85㎡
62,부산,2017,4,11068.199999999999,85㎡~102㎡
63,부산,2017,4,12972.3,102㎡~
64,부산,2017,5,10348.8,60㎡
65,부산,2017,5,11965.8,60㎡~85㎡
66,부산,2017,5,9942.9,85㎡~102㎡
67,부산,2017,5,12962.4,102㎡~
68,부산,2017,6,10655.699999999999,60㎡
69,부산,2017,6,12203.4,60㎡~85㎡
70,부산,2017,6,9942.9,85㎡~102㎡
71,부산,2017,6,12599.4,102㎡~
72,부산,2017,7,10814.099999999999,60㎡
73,부산,2017,7,12269.4,60㎡~85㎡
74,부산,2017,7,11523.599999999999,85㎡~102㎡
75,부산,2017,7,11147.4,102㎡~
76,부산,2017,8,11408.099999999999,60㎡
77,부산,2017,8,12008.699999999999,60㎡~85㎡
78,부산,2017,8,11401.5,85㎡~102㎡
79,부산,2017,8,12018.599999999999,102㎡~
80,부산,2017,9,11441.099999999999,60㎡
81,부산,2017,9,11741.4,60㎡~85㎡
82,부산,2017,9,11358.599999999999,85㎡~102㎡
83,부산,2017,9,11998.8,102㎡~
84,부산,2017,10,11837.099999999999,60㎡
85,부산,2017,10,12325.5,60㎡~85㎡
86,부산,2017,10,11398.199999999999,85㎡~102㎡
87,부산,2017,10,11711.699999999999,102㎡~
88,부산,2017,11,12332.099999999999,60㎡
89,부산,2017,11,12549.9,60㎡~85㎡
90,부산,2017,11,12183.599999999999,85㎡~102㎡
91,부산,2017,11,12767.699999999999,102㎡~
92,부산,2017,12,12332.099999999999,60㎡
93,부산,2017,12,12549.9,60㎡~85㎡
94,부산,2017,12,12183.599999999999,85㎡~102㎡
95,부산,2017,12,12767.699999999999,102㎡~
96,부산,2018,1,12332.099999999999,60㎡
97,부산,2018,1,12549.9,60㎡~85㎡
98,부산,2018,1,12183.599999999999,85㎡~102㎡
99,부산,2018,1,12767.699999999999,102㎡~
100,부산,2018,2,12355.199999999999,60㎡
101,부산,2018,2,12579.599999999999,60㎡~85㎡
102,부산,2018,2,12183.599999999999,85㎡~102㎡
103,부산,2018,2,12767.699999999999,102㎡~
104,부산,2018,3,12058.199999999999,60㎡
105,부산,2018,3,12503.699999999999,60㎡~85㎡
106,부산,2018,3,12183.599999999999,85㎡~102㎡
107,부산,2018,3,12639.0,102㎡~
108,부산,2018,4,12058.199999999999,60㎡
109,부산,2018,4,12655.5,60㎡~85㎡
110,부산,2018,4,12183.599999999999,85㎡~102㎡
111,부산,2018,4,12639.0,102㎡~
112,부산,2018,5,12223.199999999999,60㎡
113,부산,2018,5,12612.599999999999,60㎡~85㎡
114,부산,2018,5,12226.5,85㎡~102㎡
115,부산,2018,5,12672.0,102㎡~
116,부산,2018,6,12332.099999999999,60㎡
117,부산,2018,6,12780.9,60㎡~85㎡
118,부산,2018,6,12226.5,85㎡~102㎡
119,부산,2018,6,12685.199999999999,102㎡~
120,부산,2018,7,12322.199999999999,60㎡
121,부산,2018,7,12978.9,60㎡~85㎡
122,부산,2018,7,13213.199999999999,85㎡~102㎡
123,부산,2018,7,12787.5,102㎡~
124,부산,2018,8,12569.699999999999,60㎡
125,부산,2018,8,13021.8,60㎡~85㎡
126,부산,2018,8,13213.199999999999,85㎡~102㎡
127,부산,2018,8,12483.9,102㎡~
128,부산,2018,9,12747.9,60㎡
129,부산,2018,9,13440.9,60㎡~85㎡
130,부산,2018,9,14704.8,85㎡~102㎡
131,부산,2018,9,13770.9,102㎡~
132,부산,2018,10,12691.8,60㎡
133,부산,2018,10,13259.4,60㎡~85㎡
134,부산,2018,10,14351.699999999999,85㎡~102㎡
135,부산,2018,10,14632.199999999999,102㎡~
136,부산,2018,11,12467.4,60㎡
137,부산,2018,11,13318.8,60㎡~85㎡
138,부산,2018,11,13417.8,85㎡~102㎡
139,부산,2018,11,14166.9,102㎡~
140,부산,2018,12,12467.4,60㎡
141,부산,2018,12,13411.199999999999,60㎡~85㎡
142,부산,2018,12,13417.8,85㎡~102㎡
143,부산,2018,12,14166.9,102㎡~
144,부산,2019,1,12467.4,60㎡
145,부산,2019,1,13411.199999999999,60㎡~85㎡
146,부산,2019,1,13417.8,85㎡~102㎡
147,부산,2019,1,14166.9,102㎡~
148,부산,2019,2,12467.4,60㎡
149,부산,2019,2,13411.199999999999,60㎡~85㎡
150,부산,2019,2,13417.8,85㎡~102㎡
151,부산,2019,2,14166.9,102㎡~
152,부산,2019,3,12728.099999999999,60㎡
153,부산,2019,3,13394.699999999999,60㎡~85㎡
154,부산,2019,3,13417.8,85㎡~102㎡
155,부산,2019,3,14335.199999999999,102㎡~
156,부산,2019,4,12728.099999999999,60㎡
157,부산,2019,4,12926.099999999999,60㎡~85㎡
158,부산,2019,4,13417.8,85㎡~102㎡
159,부산,2019,4,14335.199999999999,102㎡~
160,부산,2019,5,12503.699999999999,60㎡
161,부산,2019,5,12936.0,60㎡~85㎡
162,부산,2019,5,15123.9,85㎡~102㎡
163,부산,2019,5,15255.9,102㎡~
164,부산,2019,6,12625.8,60㎡
165,부산,2019,6,12899.699999999999,60㎡~85㎡
166,부산,2019,6,14265.9,85㎡~102㎡
167,부산,2019,6,15084.3,102㎡~
168,부산,2019,7,12500.4,60㎡
169,부산,2019,7,12777.599999999999,60㎡~85㎡
170,부산,2019,7,14265.9,85㎡~102㎡
171,부산,2019,7,15041.4,102㎡~
172,부산,2019,8,13104.3,60㎡
173,부산,2019,8,12949.199999999999,60㎡~85㎡
174,부산,2019,8,14764.199999999999,85㎡~102㎡
175,부산,2019,8,15166.8,102㎡~
176,부산,2019,9,12939.3,60㎡
177,부산,2019,9,13262.699999999999,60㎡~85㎡
178,부산,2019,9,14586.0,85㎡~102㎡
179,부산,2019,9,15021.599999999999,102㎡~
180,부산,2019,10,12738.0,60㎡
181,부산,2019,10,13384.8,60㎡~85㎡
182,부산,2019,10,14523.3,85㎡~102㎡
183,부산,2019,10,14628.9,102㎡~
184,부산,2019,11,12371.699999999999,60㎡
185,부산,2019,11,13233.0,60㎡~85㎡
186,부산,2019,11,14523.3,85㎡~102㎡
187,부산,2019,11,14262.599999999999,102㎡~
188,부산,2019,12,12246.3,60㎡
189,부산,2019,12,12893.099999999999,60㎡~85㎡
190,부산,2019,12,14523.3,85㎡~102㎡
191,부산,2019,12,14262.599999999999,102㎡~
192,부산,2020,1,12246.3,60㎡
193,부산,2020,1,12893.099999999999,60㎡~85㎡
194,부산,2020,1,14523.3,85㎡~102㎡
195,부산,2020,1,14262.599999999999,102㎡~
196,부산,2020,2,12408.0,60㎡
197,부산,2020,2,13005.3,60㎡~85㎡
198,부산,2020,2,14523.3,85㎡~102㎡
199,부산,2020,2,14262.599999999999,102㎡~
200,부산,2020,3,12503.699999999999,60㎡
201,부산,2020,3,13084.5,60㎡~85㎡
202,부산,2020,3,14523.3,85㎡~102㎡
203,부산,2020,3,14262.599999999999,102㎡~
204,부산,2020,4,12586.199999999999,60㎡
205,부산,2020,4,12939.3,60㎡~85㎡
206,부산,2020,4,14523.3,85㎡~102㎡
207,부산,2020,4,14262.599999999999,102㎡~
208,부산,2020,5,13120.8,60㎡
209,부산,2020,5,13355.099999999999,60㎡~85㎡
210,부산,2020,5,14427.599999999999,85㎡~102㎡
211,부산,2020,5,13919.4,102㎡~
212,부산,2020,6,13117.5,60㎡
213,부산,2020,6,13338.599999999999,60㎡~85㎡
214,부산,2020,6,13708.199999999999,85㎡~102㎡
215,부산,2020,6,13632.3,102㎡~
216,부산,2020,7,13051.5,60㎡
217,부산,2020,7,13569.599999999999,60㎡~85㎡
218,부산,2020,7,13553.099999999999,85㎡~102㎡
219,부산,2020,7,13645.5,102㎡~
220,부산,2020,8,12813.9,60㎡
221,부산,2020,8,13378.199999999999,60㎡~85㎡
222,부산,2020,8,13002.0,85㎡~102㎡
223,부산,2020,8,13266.0,102㎡~
224,부산,2020,9,12840.3,60㎡
225,부산,2020,9,13368.3,60㎡~85㎡
226,부산,2020,9,13002.0,85㎡~102㎡
227,부산,2020,9,13266.0,102㎡~
228,부산,2020,10,13091.099999999999,60㎡
229,부산,2020,10,13087.8,60㎡~85㎡
230,부산,2020,10,12536.699999999999,85㎡~102㎡
231,부산,2020,10,12827.099999999999,102㎡~
232,부산,2020,11,13589.4,60㎡
233,부산,2020,11,13530.0,60㎡~85㎡
234,부산,2020,11,12536.699999999999,85㎡~102㎡
235,부산,2020,11,13025.099999999999,102㎡~
236,부산,2020,12,14166.9,60㎡
237,부산,2020,12,13929.3,60㎡~85㎡
238,부산,2020,12,12678.599999999999,85㎡~102㎡
239,부산,2020,12,13025.099999999999,102㎡~
0,대구,2016,1,11025.3,60㎡
1,대구,2016,1,10239.9,60㎡~85㎡
2,대구,2016,1,8355.6,85㎡~102㎡
3,대구,2016,1,9051.9,102㎡~
4,대구,2016,2,11025.3,60㎡
5,대구,2016,2,10160.699999999999,60㎡~85㎡
6,대구,2016,2,8355.6,85㎡~102㎡
7,대구,2016,2,9051.9,102㎡~
8,대구,2016,3,11025.3,60㎡
9,대구,2016,3,10408.199999999999,60㎡~85㎡
10,대구,2016,3,8378.699999999999,85㎡~102㎡
11,대구,2016,3,9051.9,102㎡~
12,대구,2016,4,11025.3,60㎡
13,대구,2016,4,10454.4,60㎡~85㎡
14,대구,2016,4,8378.699999999999,85㎡~102㎡
15,대구,2016,4,9051.9,102㎡~
16,대구,2016,5,11170.5,60㎡
17,대구,2016,5,10447.8,60㎡~85㎡
18,대구,2016,5,8378.699999999999,85㎡~102㎡
19,대구,2016,5,9051.9,102㎡~
20,대구,2016,6,11170.5,60㎡
21,대구,2016,6,10444.5,60㎡~85㎡
22,대구,2016,6,9368.699999999999,85㎡~102㎡
23,대구,2016,6,9051.9,102㎡~
24,대구,2016,7,11170.5,60㎡
25,대구,2016,7,10404.9,60㎡~85㎡
26,대구,2016,7,9517.199999999999,85㎡~102㎡
27,대구,2016,7,9051.9,102㎡~
28,대구,2016,8,10500.599999999999,60㎡
29,대구,2016,8,10408.199999999999,60㎡~85㎡
30,대구,2016,8,10048.5,85㎡~102㎡
31,대구,2016,8,10048.5,102㎡~
32,대구,2016,9,10500.599999999999,60㎡
33,대구,2016,9,10408.199999999999,60㎡~85㎡
34,대구,2016,9,10048.5,85㎡~102㎡
35,대구,2016,9,10048.5,102㎡~
36,대구,2016,10,10500.599999999999,60㎡
37,대구,2016,10,10408.199999999999,60㎡~85㎡
38,대구,2016,10,10048.5,85㎡~102㎡
39,대구,2016,10,10048.5,102㎡~
40,대구,2016,11,10500.599999999999,60㎡
41,대구,2016,11,10276.199999999999,60㎡~85㎡
42,대구,2016,11,10048.5,85㎡~102㎡
43,대구,2016,11,16546.2,102㎡~
44,대구,2016,12,11550.0,60㎡
45,대구,2016,12,10398.3,60㎡~85㎡
46,대구,2016,12,10048.5,85㎡~102㎡
47,대구,2016,12,16546.2,102㎡~
48,대구,2017,1,11906.4,60㎡
49,대구,2017,1,10325.699999999999,60㎡~85㎡
50,대구,2017,1,10048.5,85㎡~102㎡
51,대구,2017,1,16546.2,102㎡~
52,대구,2017,2,11906.4,60㎡
53,대구,2017,2,10451.099999999999,60㎡~85㎡
54,대구,2017,2,10048.5,85㎡~102㎡
55,대구,2017,2,16546.2,102㎡~
56,대구,2017,3,12698.4,60㎡
57,대구,2017,3,10586.4,60㎡~85㎡
58,대구,2017,3,10612.8,85㎡~102㎡
59,대구,2017,3,16546.2,102㎡~
60,대구,2017,4,12698.4,60㎡
61,대구,2017,4,10500.599999999999,60㎡~85㎡
62,대구,2017,4,10612.8,85㎡~102㎡
63,대구,2017,4,15549.599999999999,102㎡~
64,대구,2017,5,12698.4,60㎡
65,대구,2017,5,10500.599999999999,60㎡~85㎡
66,대구,2017,5,10612.8,85㎡~102㎡
67,대구,2017,5,15549.599999999999,102㎡~
68,대구,2017,6,11731.5,60㎡
69,대구,2017,6,10725.0,60㎡~85㎡
70,대구,2017,6,9962.699999999999,85㎡~102㎡
71,대구,2017,6,15549.599999999999,102㎡~
72,대구,2017,7,11731.5,60㎡
73,대구,2017,7,12827.099999999999,60㎡~85㎡
74,대구,2017,7,9312.599999999999,85㎡~102㎡
75,대구,2017,7,15549.599999999999,102㎡~
76,대구,2017,8,10764.599999999999,60㎡
77,대구,2017,8,13176.9,60㎡~85㎡
78,대구,2017,8,8662.499999999998,85㎡~102㎡
79,대구,2017,8,15549.599999999999,102㎡~
80,대구,2017,9,11398.199999999999,60㎡
81,대구,2017,9,12619.199999999999,60㎡~85㎡
82,대구,2017,9,8012.399999999998,85㎡~102㎡
83,대구,2017,9,13440.9,102㎡~
84,대구,2017,10,11398.199999999999,60㎡
85,대구,2017,10,12619.199999999999,60㎡~85㎡
86,대구,2017,10,7362.299999999997,85㎡~102㎡
87,대구,2017,10,13440.9,102㎡~
88,대구,2017,11,11398.199999999999,60㎡
89,대구,2017,11,12619.199999999999,60㎡~85㎡
90,대구,2017,11,6712.199999999997,85㎡~102㎡
91,대구,2017,11,13440.9,102㎡~
92,대구,2017,12,11437.8,60㎡
93,대구,2017,12,11761.199999999999,60㎡~85㎡
94,대구,2017,12,6062.099999999997,85㎡~102㎡
95,대구,2017,12,11691.9,102㎡~
96,대구,2018,1,11619.3,60㎡
97,대구,2018,1,11837.099999999999,60㎡~85㎡
98,대구,2018,1,5411.999999999996,85㎡~102㎡
99,대구,2018,1,11691.9,102㎡~
100,대구,2018,2,11619.3,60㎡
101,대구,2018,2,11104.5,60㎡~85㎡
102,대구,2018,2,4761.899999999996,85㎡~102㎡
103,대구,2018,2,11691.9,102㎡~
104,대구,2018,3,11619.3,60㎡
105,대구,2018,3,11233.199999999999,60㎡~85㎡
106,대구,2018,3,4111.799999999996,85㎡~102㎡
107,대구,2018,3,11691.9,102㎡~
108,대구,2018,4,11903.099999999999,60㎡
109,대구,2018,4,11635.8,60㎡~85㎡
110,대구,2018,4,9939.6,85㎡~102㎡
111,대구,2018,4,9787.8,102㎡~
112,대구,2018,5,11992.199999999999,60㎡
113,대구,2018,5,12031.8,60㎡~85㎡
114,대구,2018,5,9939.6,85㎡~102㎡
115,대구,2018,5,14978.699999999999,102㎡~
116,대구,2018,6,12107.699999999999,60㎡
117,대구,2018,6,12094.5,60㎡~85㎡
118,대구,2018,6,9939.6,85㎡~102㎡
119,대구,2018,6,14619.0,102㎡~
120,대구,2018,7,12282.599999999999,60㎡
121,대구,2018,7,12262.8,60㎡~85㎡
122,대구,2018,7,11804.099999999999,85㎡~102㎡
123,대구,2018,7,13332.0,102㎡~
124,대구,2018,8,12289.199999999999,60㎡
125,대구,2018,8,12285.9,60㎡~85㎡
126,대구,2018,8,11804.099999999999,85㎡~102㎡
127,대구,2018,8,13332.0,102㎡~
128,대구,2018,9,12394.8,60㎡
129,대구,2018,9,12361.8,60㎡~85㎡
130,대구,2018,9,12203.4,85㎡~102㎡
131,대구,2018,9,13071.3,102㎡~
132,대구,2018,10,12394.8,60㎡
133,대구,2018,10,12549.9,60㎡~85㎡
134,대구,2018,10,12203.4,85㎡~102㎡
135,대구,2018,10,13655.4,102㎡~
136,대구,2018,11,12566.4,60㎡
137,대구,2018,11,12625.8,60㎡~85㎡
138,대구,2018,11,12203.4,85㎡~102㎡
139,대구,2018,11,13031.699999999999,102㎡~
140,대구,2018,12,12899.699999999999,60㎡
141,대구,2018,12,12929.4,60㎡~85㎡
142,대구,2018,12,12203.4,85㎡~102㎡
143,대구,2018,12,13262.699999999999,102㎡~
144,대구,2019,1,13124.099999999999,60㎡
145,대구,2019,1,13091.099999999999,60㎡~85㎡
146,대구,2019,1,13262.699999999999,85㎡~102㎡
147,대구,2019,1,13421.099999999999,102㎡~
148,대구,2019,2,13124.099999999999,60㎡
149,대구,2019,2,13104.3,60㎡~85㎡
150,대구,2019,2,13262.699999999999,85㎡~102㎡
151,대구,2019,2,13421.099999999999,102㎡~
152,대구,2019,3,13124.099999999999,60㎡
153,대구,2019,3,13054.8,60㎡~85㎡
154,대구,2019,3,13262.699999999999,85㎡~102㎡
155,대구,2019,3,13421.099999999999,102㎡~
156,대구,2019,4,13163.699999999999,60㎡
157,대구,2019,4,13203.3,60㎡~85㎡
158,대구,2019,4,14922.599999999999,85㎡~102㎡
159,대구,2019,4,13487.099999999999,102㎡~
160,대구,2019,5,13325.4,60㎡
161,대구,2019,5,13490.4,60㎡~85㎡
162,대구,2019,5,13619.099999999999,85㎡~102㎡
163,대구,2019,5,14632.199999999999,102㎡~
164,대구,2019,6,13464.0,60㎡
165,대구,2019,6,13675.199999999999,60㎡~85㎡
166,대구,2019,6,13619.099999999999,85㎡~102㎡
167,대구,2019,6,14711.4,102㎡~
168,대구,2019,7,13830.3,60㎡
169,대구,2019,7,14087.699999999999,60㎡~85㎡
170,대구,2019,7,13596.0,85㎡~102㎡
171,대구,2019,7,15919.199999999999,102㎡~
172,대구,2019,8,14133.9,60㎡
173,대구,2019,8,14160.3,60㎡~85㎡
174,대구,2019,8,13596.0,85㎡~102㎡
175,대구,2019,8,15972.0,102㎡~
176,대구,2019,9,14368.199999999999,60㎡
177,대구,2019,9,14302.199999999999,60㎡~85㎡
178,대구,2019,9,14685.0,85㎡~102㎡
179,대구,2019,9,16107.3,102㎡~
180,대구,2019,10,14368.199999999999,60㎡
181,대구,2019,10,14470.5,60㎡~85㎡
182,대구,2019,10,14685.0,85㎡~102㎡
183,대구,2019,10,15939.0,102㎡~
184,대구,2019,11,14401.199999999999,60㎡
185,대구,2019,11,14417.699999999999,60㎡~85㎡
186,대구,2019,11,14483.699999999999,85㎡~102㎡
187,대구,2019,11,17021.399999999998,102㎡~
188,대구,2019,12,14236.199999999999,60㎡
189,대구,2019,12,14411.099999999999,60㎡~85㎡
190,대구,2019,12,14566.199999999999,85㎡~102㎡
191,대구,2019,12,16929.0,102㎡~
192,대구,2020,1,14269.199999999999,60㎡
193,대구,2020,1,14576.099999999999,60㎡~85㎡
194,대구,2020,1,13421.099999999999,85㎡~102㎡
195,대구,2020,1,16886.1,102㎡~
196,대구,2020,2,14190.0,60㎡
197,대구,2020,2,14579.4,60㎡~85㎡
198,대구,2020,2,13398.0,85㎡~102㎡
199,대구,2020,2,16886.1,102㎡~
200,대구,2020,3,14160.3,60㎡
201,대구,2020,3,14840.099999999999,60㎡~85㎡
202,대구,2020,3,13398.0,85㎡~102㎡
203,대구,2020,3,16886.1,102㎡~
204,대구,2020,4,14553.0,60㎡
205,대구,2020,4,15097.5,60㎡~85㎡
206,대구,2020,4,13398.0,85㎡~102㎡
207,대구,2020,4,16869.6,102㎡~
208,대구,2020,5,14602.5,60㎡
209,대구,2020,5,15325.199999999999,60㎡~85㎡
210,대구,2020,5,16074.3,85㎡~102㎡
211,대구,2020,5,16038.0,102㎡~
212,대구,2020,6,14562.9,60㎡
213,대구,2020,6,15156.9,60㎡~85㎡
214,대구,2020,6,16074.3,85㎡~102㎡
215,대구,2020,6,15929.099999999999,102㎡~
216,대구,2020,7,15044.699999999999,60㎡
217,대구,2020,7,15312.0,60㎡~85㎡
218,대구,2020,7,16156.8,85㎡~102㎡
219,대구,2020,7,15886.199999999999,102㎡~
220,대구,2020,8,15156.9,60㎡
221,대구,2020,8,15275.699999999999,60㎡~85㎡
222,대구,2020,8,16156.8,85㎡~102㎡
223,대구,2020,8,15882.9,102㎡~
224,대구,2020,9,15156.9,60㎡
225,대구,2020,9,15308.699999999999,60㎡~85㎡
226,대구,2020,9,16166.699999999999,85㎡~102㎡
227,대구,2020,9,15873.0,102㎡~
228,대구,2020,10,15206.4,60㎡
229,대구,2020,10,15381.3,60㎡~85㎡
230,대구,2020,10,16166.699999999999,85㎡~102㎡
231,대구,2020,10,16067.699999999999,102㎡~
232,대구,2020,11,15255.9,60㎡
233,대구,2020,11,15427.5,60㎡~85㎡
234,대구,2020,11,16163.4,85㎡~102㎡
235,대구,2020,11,16087.5,102㎡~
236,대구,2020,12,15292.199999999999,60㎡
237,대구,2020,12,15358.199999999999,60㎡~85㎡
238,대구,2020,12,16061.099999999999,85㎡~102㎡
239,대구,2020,12,16094.099999999999,102㎡~
0,강원,2016,1,7557.0,60㎡
1,강원,2016,1,7256.7,60㎡~85㎡
2,강원,2016,1,6801.299999999999,85㎡~102㎡
3,강원,2016,1,7164.299999999999,102㎡~
4,강원,2016,2,7557.0,60㎡
5,강원,2016,2,7260.0,60㎡~85㎡
6,강원,2016,2,6779.299999999999,85㎡~102㎡
7,강원,2016,2,7755.0,102㎡~
8,강원,2016,3,7421.7,60㎡
9,강원,2016,3,7329.299999999999,60㎡~85㎡
10,강원,2016,3,6620.9,85㎡~102㎡
11,강원,2016,3,7755.0,102㎡~
12,강원,2016,4,7071.9,60㎡
13,강원,2016,4,7203.9,60㎡~85㎡
14,강원,2016,4,6484.5,85㎡~102㎡
15,강원,2016,4,7755.0,102㎡~
16,강원,2016,5,6972.9,60㎡
17,강원,2016,5,7095.0,60㎡~85㎡
18,강원,2016,5,6508.7,85㎡~102㎡
19,강원,2016,5,7553.7,102㎡~
20,강원,2016,6,6926.7,60㎡
21,강원,2016,6,7048.799999999999,60㎡~85㎡
22,강원,2016,6,6479.0,85㎡~102㎡
23,강원,2016,6,7718.7,102㎡~
24,강원,2016,7,6827.7,60㎡
25,강원,2016,7,7058.7,60㎡~85㎡
26,강원,2016,7,6545.0,85㎡~102㎡
27,강원,2016,7,7718.7,102㎡~
28,강원,2016,8,6840.9,60㎡
29,강원,2016,8,7035.599999999999,60㎡~85㎡
30,강원,2016,8,6526.3,85㎡~102㎡
31,강원,2016,8,7926.599999999999,102㎡~
32,강원,2016,9,6847.5,60㎡
33,강원,2016,9,7045.5,60㎡~85㎡
34,강원,2016,9,6361.299999999999,85㎡~102㎡
35,강원,2016,9,7854.0,102㎡~
36,강원,2016,10,6966.299999999999,60㎡
37,강원,2016,10,7055.4,60㎡~85㎡
38,강원,2016,10,6702.299999999999,85㎡~102㎡
39,강원,2016,10,7230.299999999999,102㎡~
40,강원,2016,11,6656.099999999999,60㎡
41,강원,2016,11,6840.9,60㎡~85㎡
42,강원,2016,11,6702.299999999999,85㎡~102㎡
43,강원,2016,11,7230.299999999999,102㎡~
44,강원,2016,12,6880.5,60㎡
45,강원,2016,12,6880.5,60㎡~85㎡
46,강원,2016,12,7418.4,85㎡~102㎡
47,강원,2016,12,7415.099999999999,102㎡~
48,강원,2017,1,6877.2,60㎡
49,강원,2017,1,6873.9,60㎡~85㎡
50,강원,2017,1,7302.9,85㎡~102㎡
51,강원,2017,1,7411.799999999999,102㎡~
52,강원,2017,2,6870.599999999999,60㎡
53,강원,2017,2,6897.0,60㎡~85㎡
54,강원,2017,2,7329.299999999999,85㎡~102㎡
55,강원,2017,2,7428.299999999999,102㎡~
56,강원,2017,3,6837.599999999999,60㎡
57,강원,2017,3,6831.0,60㎡~85㎡
58,강원,2017,3,7329.299999999999,85㎡~102㎡
59,강원,2017,3,7428.299999999999,102㎡~
60,강원,2017,4,6837.599999999999,60㎡
61,강원,2017,4,6831.0,60㎡~85㎡
62,강원,2017,4,7329.299999999999,85㎡~102㎡
63,강원,2017,4,7428.299999999999,102㎡~
64,강원,2017,5,6916.799999999999,60㎡
65,강원,2017,5,6877.2,60㎡~85㎡
66,강원,2017,5,7329.299999999999,85㎡~102㎡
67,강원,2017,5,7530.599999999999,102㎡~
68,강원,2017,6,7091.7,60㎡
69,강원,2017,6,7012.5,60㎡~85㎡
70,강원,2017,6,7329.299999999999,85㎡~102㎡
71,강원,2017,6,7920.0,102㎡~
72,강원,2017,7,7151.099999999999,60㎡
73,강원,2017,7,7065.299999999999,60㎡~85㎡
74,강원,2017,7,7329.299999999999,85㎡~102㎡
75,강원,2017,7,7923.299999999999,102㎡~
76,강원,2017,8,7398.599999999999,60㎡
77,강원,2017,8,7487.7,60㎡~85㎡
78,강원,2017,8,7329.299999999999,85㎡~102㎡
79,강원,2017,8,7923.299999999999,102㎡~
80,강원,2017,9,7382.099999999999,60㎡
81,강원,2017,9,7342.5,60㎡~85㎡
82,강원,2017,9,7329.299999999999,85㎡~102㎡
83,강원,2017,9,7652.7,102㎡~
84,강원,2017,10,7342.5,60㎡
85,강원,2017,10,7477.799999999999,60㎡~85㎡
86,강원,2017,10,6639.599999999999,85㎡~102㎡
87,강원,2017,10,7893.599999999999,102㎡~
88,강원,2017,11,7302.900000000001,60㎡
89,강원,2017,11,7613.0999999999985,60㎡~85㎡
90,강원,2017,11,5949.9,85㎡~102㎡
91,강원,2017,11,8134.499999999999,102㎡~
92,강원,2017,12,7269.9,60㎡
93,강원,2017,12,7566.9,60㎡~85㎡
94,강원,2017,12,7388.7,85㎡~102㎡
95,강원,2017,12,8906.699999999999,102㎡~
96,강원,2018,1,7312.799999999999,60㎡
97,강원,2018,1,7662.599999999999,60㎡~85㎡
98,강원,2018,1,8550.3,85㎡~102㎡
99,강원,2018,1,8923.199999999999,102㎡~
100,강원,2018,2,7431.599999999999,60㎡
101,강원,2018,2,7656.0,60㎡~85㎡
102,강원,2018,2,8563.5,85㎡~102㎡
103,강원,2018,2,9424.8,102㎡~
104,강원,2018,3,7487.7,60㎡
105,강원,2018,3,7877.099999999999,60㎡~85㎡
106,강원,2018,3,9339.0,85㎡~102㎡
107,강원,2018,3,9645.9,102㎡~
108,강원,2018,4,7487.7,60㎡
109,강원,2018,4,7500.9,60㎡~85㎡
110,강원,2018,4,9339.0,85㎡~102㎡
111,강원,2018,4,8616.3,102㎡~
112,강원,2018,5,7487.7,60㎡
113,강원,2018,5,7524.0,60㎡~85㎡
114,강원,2018,5,9451.199999999999,85㎡~102㎡
115,강원,2018,5,8682.3,102㎡~
116,강원,2018,6,7530.599999999999,60㎡
117,강원,2018,6,7547.099999999999,60㎡~85㎡
118,강원,2018,6,9451.199999999999,85㎡~102㎡
119,강원,2018,6,8553.6,102㎡~
120,강원,2018,7,7537.2,60㎡
121,강원,2018,7,7619.7,60㎡~85㎡
122,강원,2018,7,9451.199999999999,85㎡~102㎡
123,강원,2018,7,8794.5,102㎡~
124,강원,2018,8,7923.299999999999,60㎡
125,강원,2018,8,7665.9,60㎡~85㎡
126,강원,2018,8,9451.199999999999,85㎡~102㎡
127,강원,2018,8,8794.5,102㎡~
128,강원,2018,9,7936.5,60㎡
129,강원,2018,9,7679.099999999999,60㎡~85㎡
130,강원,2018,9,9451.199999999999,85㎡~102㎡
131,강원,2018,9,8794.5,102㎡~
132,강원,2018,10,7995.9,60㎡
133,강원,2018,10,7781.4,60㎡~85㎡
134,강원,2018,10,9451.199999999999,85㎡~102㎡
135,강원,2018,10,8794.5,102㎡~
136,강원,2018,11,8091.599999999999,60㎡
137,강원,2018,11,7854.0,60㎡~85㎡
138,강원,2018,11,9454.5,85㎡~102㎡
139,강원,2018,11,8342.4,102㎡~
140,강원,2018,12,8091.599999999999,60㎡
141,강원,2018,12,7652.7,60㎡~85㎡
142,강원,2018,12,9454.5,85㎡~102㎡
143,강원,2018,12,7877.099999999999,102㎡~
144,강원,2019,1,8332.5,60㎡
145,강원,2019,1,7745.099999999999,60㎡~85㎡
146,강원,2019,1,10124.4,85㎡~102㎡
147,강원,2019,1,7652.7,102㎡~
148,강원,2019,2,8332.5,60㎡
149,강원,2019,2,7745.099999999999,60㎡~85㎡
150,강원,2019,2,10124.4,85㎡~102㎡
151,강원,2019,2,7652.7,102㎡~
152,강원,2019,3,8494.199999999999,60㎡
153,강원,2019,3,7900.2,60㎡~85㎡
154,강원,2019,3,9972.6,85㎡~102㎡
155,강원,2019,3,7626.299999999999,102㎡~
156,강원,2019,4,8325.9,60㎡
157,강원,2019,4,8322.6,60㎡~85㎡
158,강원,2019,4,9972.6,85㎡~102㎡
159,강원,2019,4,8672.4,102㎡~
160,강원,2019,5,8325.9,60㎡
161,강원,2019,5,8213.699999999999,60㎡~85㎡
162,강원,2019,5,10985.699999999999,85㎡~102㎡
163,강원,2019,5,8494.199999999999,102㎡~
164,강원,2019,6,8382.0,60㎡
165,강원,2019,6,8250.0,60㎡~85㎡
166,강원,2019,6,10985.699999999999,85㎡~102㎡
167,강원,2019,6,8494.199999999999,102㎡~
168,강원,2019,7,8415.0,60㎡
169,강원,2019,7,8167.5,60㎡~85㎡
170,강원,2019,7,10985.699999999999,85㎡~102㎡
171,강원,2019,7,9315.9,102㎡~
172,강원,2019,8,8494.199999999999,60㎡
173,강원,2019,8,8170.799999999999,60㎡~85㎡
174,강원,2019,8,10985.699999999999,85㎡~102㎡
175,강원,2019,8,9315.9,102㎡~
176,강원,2019,9,8405.1,60㎡
177,강원,2019,9,8111.4,60㎡~85㎡
178,강원,2019,9,10985.699999999999,85㎡~102㎡
179,강원,2019,9,10668.9,102㎡~
180,강원,2019,10,8457.9,60㎡
181,강원,2019,10,8058.599999999999,60㎡~85㎡
182,강원,2019,10,10985.699999999999,85㎡~102㎡
183,강원,2019,10,10668.9,102㎡~
184,강원,2019,11,8451.3,60㎡
185,강원,2019,11,8213.699999999999,60㎡~85㎡
186,강원,2019,11,10985.699999999999,85㎡~102㎡
187,강원,2019,11,11873.4,102㎡~
188,강원,2019,12,8451.3,60㎡
189,강원,2019,12,8213.699999999999,60㎡~85㎡
190,강원,2019,12,10985.699999999999,85㎡~102㎡
191,강원,2019,12,11873.4,102㎡~
192,강원,2020,1,8448.0,60㎡
193,강원,2020,1,8131.2,60㎡~85㎡
194,강원,2020,1,10985.699999999999,85㎡~102㎡
195,강원,2020,1,12840.3,102㎡~
196,강원,2020,2,8448.0,60㎡
197,강원,2020,2,8253.3,60㎡~85㎡
198,강원,2020,2,10985.699999999999,85㎡~102㎡
199,강원,2020,2,12889.8,102㎡~
200,강원,2020,3,8306.1,60㎡
201,강원,2020,3,8045.4,60㎡~85㎡
202,강원,2020,3,10985.699999999999,85㎡~102㎡
203,강원,2020,3,12889.8,102㎡~
204,강원,2020,4,8688.9,60㎡
205,강원,2020,4,8553.6,60㎡~85㎡
206,강원,2020,4,10985.699999999999,85㎡~102㎡
207,강원,2020,4,13886.4,102㎡~
208,강원,2020,5,8741.699999999999,60㎡
209,강원,2020,5,8566.8,60㎡~85㎡
210,강원,2020,5,10985.699999999999,85㎡~102㎡
211,강원,2020,5,13886.4,102㎡~
212,강원,2020,6,8741.699999999999,60㎡
213,강원,2020,6,8807.699999999999,60㎡~85㎡
214,강원,2020,6,10985.699999999999,85㎡~102㎡
215,강원,2020,6,13886.4,102㎡~
216,강원,2020,7,9758.1,60㎡
217,강원,2020,7,9652.5,60㎡~85㎡
218,강원,2020,7,9051.9,85㎡~102㎡
219,강원,2020,7,13569.599999999999,102㎡~
220,강원,2020,8,10269.599999999999,60㎡
221,강원,2020,8,9652.5,60㎡~85㎡
222,강원,2020,8,9051.9,85㎡~102㎡
223,강원,2020,8,13569.599999999999,102㎡~
224,강원,2020,9,11071.5,60㎡
225,강원,2020,9,10586.4,60㎡~85㎡
226,강원,2020,9,9051.9,85㎡~102㎡
227,강원,2020,9,12988.8,102㎡~
228,강원,2020,10,11071.5,60㎡
229,강원,2020,10,10586.4,60㎡~85㎡
230,강원,2020,10,9051.9,85㎡~102㎡
231,강원,2020,10,12988.8,102㎡~
232,강원,2020,11,11850.3,60㎡
233,강원,2020,11,9622.8,60㎡~85㎡
234,강원,2020,11,9051.9,85㎡~102㎡
235,강원,2020,11,12988.8,102㎡~
236,강원,2020,12,11837.099999999999,60㎡
237,강원,2020,12,10048.5,60㎡~85㎡
238,강원,2020,12,9504.0,85㎡~102㎡
239,강원,2020,12,14100.9,102㎡~
0,충북,2016,1,6441.599999999999,60㎡
1,충북,2016,1,6669.299999999999,60㎡~85㎡
2,충북,2016,1,7510.799999999999,85㎡~102㎡
3,충북,2016,1,7461.299999999999,102㎡~
4,충북,2016,2,6441.599999999999,60㎡
5,충북,2016,2,6669.299999999999,60㎡~85㎡
6,충북,2016,2,7510.799999999999,85㎡~102㎡
7,충북,2016,2,7461.299999999999,102㎡~
8,충북,2016,3,6352.5,60㎡
9,충북,2016,3,6669.299999999999,60㎡~85㎡
10,충북,2016,3,7510.799999999999,85㎡~102㎡
11,충북,2016,3,7461.299999999999,102㎡~
12,충북,2016,4,6319.5,60㎡
13,충북,2016,4,6633.0,60㎡~85㎡
14,충북,2016,4,7510.799999999999,85㎡~102㎡
15,충북,2016,4,7461.299999999999,102㎡~
16,충북,2016,5,6352.5,60㎡
17,충북,2016,5,6679.2,60㎡~85㎡
18,충북,2016,5,7510.799999999999,85㎡~102㎡
19,충북,2016,5,7494.299999999999,102㎡~
20,충북,2016,6,6623.099999999999,60㎡
21,충북,2016,6,6956.4,60㎡~85㎡
22,충북,2016,6,7510.799999999999,85㎡~102㎡
23,충북,2016,6,7401.9,102㎡~
24,충북,2016,7,6745.2,60㎡
25,충북,2016,7,7095.0,60㎡~85㎡
26,충북,2016,7,7510.799999999999,85㎡~102㎡
27,충북,2016,7,7401.9,102㎡~
28,충북,2016,8,6745.2,60㎡
29,충북,2016,8,7091.7,60㎡~85㎡
30,충북,2016,8,7659.299999999999,85㎡~102㎡
31,충북,2016,8,7401.9,102㎡~
32,충북,2016,9,6745.2,60㎡
33,충북,2016,9,7104.9,60㎡~85㎡
34,충북,2016,9,7659.299999999999,85㎡~102㎡
35,충북,2016,9,7401.9,102㎡~
36,충북,2016,10,6857.4,60㎡
37,충북,2016,10,7157.7,60㎡~85㎡
38,충북,2016,10,8857.199999999999,85㎡~102㎡
39,충북,2016,10,7415.099999999999,102㎡~
40,충북,2016,11,6870.599999999999,60㎡
41,충북,2016,11,7075.2,60㎡~85㎡
42,충북,2016,11,8946.3,85㎡~102㎡
43,충북,2016,11,7329.299999999999,102㎡~
44,충북,2016,12,6926.7,60㎡
45,충북,2016,12,6930.0,60㎡~85㎡
46,충북,2016,12,9421.5,85㎡~102㎡
47,충북,2016,12,7794.599999999999,102㎡~
48,충북,2017,1,7068.599999999999,60㎡
49,충북,2017,1,7009.2,60㎡~85㎡
50,충북,2017,1,9421.5,85㎡~102㎡
51,충북,2017,1,7794.599999999999,102㎡~
52,충북,2017,2,6761.7,60㎡
53,충북,2017,2,6801.299999999999,60㎡~85㎡
54,충북,2017,2,9421.5,85㎡~102㎡
55,충북,2017,2,7781.4,102㎡~
56,충북,2017,3,7111.5,60㎡
57,충북,2017,3,6543.9,60㎡~85㎡
58,충북,2017,3,9421.5,85㎡~102㎡
59,충북,2017,3,7781.4,102㎡~
60,충북,2017,4,7111.5,60㎡
61,충북,2017,4,6748.5,60㎡~85㎡
62,충북,2017,4,8457.9,85㎡~102㎡
63,충북,2017,4,7698.9,102㎡~
64,충북,2017,5,7134.599999999999,60㎡
65,충북,2017,5,6758.4,60㎡~85㎡
66,충북,2017,5,8457.9,85㎡~102㎡
67,충북,2017,5,8461.199999999999,102㎡~
68,충북,2017,6,7134.599999999999,60㎡
69,충북,2017,6,6735.299999999999,60㎡~85㎡
70,충북,2017,6,8457.9,85㎡~102㎡
71,충북,2017,6,8250.0,102㎡~
72,충북,2017,7,7134.599999999999,60㎡
73,충북,2017,7,6735.299999999999,60㎡~85㎡
74,충북,2017,7,8457.9,85㎡~102㎡
75,충북,2017,7,8250.0,102㎡~
76,충북,2017,8,7134.599999999999,60㎡
77,충북,2017,8,6758.4,60㎡~85㎡
78,충북,2017,8,8457.9,85㎡~102㎡
79,충북,2017,8,8250.0,102㎡~
80,충북,2017,9,7134.599999999999,60㎡
81,충북,2017,9,6774.9,60㎡~85㎡
82,충북,2017,9,8457.9,85㎡~102㎡
83,충북,2017,9,8250.0,102㎡~
84,충북,2017,10,7134.599999999999,60㎡
85,충북,2017,10,6791.4,60㎡~85㎡
86,충북,2017,10,8457.9,85㎡~102㎡
87,충북,2017,10,8250.0,102㎡~
88,충북,2017,11,7134.599999999999,60㎡
89,충북,2017,11,6807.9,60㎡~85㎡
90,충북,2017,11,8457.9,85㎡~102㎡
91,충북,2017,11,8250.0,102㎡~
92,충북,2017,12,7269.9,60㎡
93,충북,2017,12,6850.799999999999,60㎡~85㎡
94,충북,2017,12,7494.299999999999,85㎡~102㎡
95,충북,2017,12,8263.199999999999,102㎡~
96,충북,2018,1,7269.9,60㎡
97,충북,2018,1,6850.799999999999,60㎡~85㎡
98,충북,2018,1,7494.299999999999,85㎡~102㎡
99,충북,2018,1,8263.199999999999,102㎡~
100,충북,2018,2,7748.4,60㎡
101,충북,2018,2,7144.5,60㎡~85㎡
102,충북,2018,2,7494.299999999999,85㎡~102㎡
103,충북,2018,2,8200.5,102㎡~
104,충북,2018,3,7748.4,60㎡
105,충북,2018,3,8104.799999999999,60㎡~85㎡
106,충북,2018,3,8154.299999999999,85㎡~102㎡
107,충북,2018,3,8190.599999999999,102㎡~
108,충북,2018,4,7748.4,60㎡
109,충북,2018,4,8682.3,60㎡~85㎡
110,충북,2018,4,8814.3,85㎡~102㎡
111,충북,2018,4,8844.0,102㎡~
112,충북,2018,5,7748.4,60㎡
113,충북,2018,5,8698.8,60㎡~85㎡
114,충북,2018,5,8992.5,85㎡~102㎡
115,충북,2018,5,8853.9,102㎡~
116,충북,2018,6,7543.799999999999,60㎡
117,충북,2018,6,7860.599999999999,60㎡~85㎡
118,충북,2018,6,8992.5,85㎡~102㎡
119,충북,2018,6,9150.9,102㎡~
120,충북,2018,7,7543.799999999999,60㎡
121,충북,2018,7,7873.799999999999,60㎡~85㎡
122,충북,2018,7,8992.5,85㎡~102㎡
123,충북,2018,7,8972.699999999999,102㎡~
124,충북,2018,8,7543.799999999999,60㎡
125,충북,2018,8,7873.799999999999,60㎡~85㎡
126,충북,2018,8,8992.5,85㎡~102㎡
127,충북,2018,8,8972.699999999999,102㎡~
128,충북,2018,9,7543.799999999999,60㎡
129,충북,2018,9,7854.0,60㎡~85㎡
130,충북,2018,9,8992.5,85㎡~102㎡
131,충북,2018,9,8972.699999999999,102㎡~
132,충북,2018,10,7543.799999999999,60㎡
133,충북,2018,10,7854.0,60㎡~85㎡
134,충북,2018,10,8992.5,85㎡~102㎡
135,충북,2018,10,8972.699999999999,102㎡~
136,충북,2018,11,7461.299999999999,60㎡
137,충북,2018,11,7863.9,60㎡~85㎡
138,충북,2018,11,8992.5,85㎡~102㎡
139,충북,2018,11,8873.699999999999,102㎡~
140,충북,2018,12,7461.299999999999,60㎡
141,충북,2018,12,7863.9,60㎡~85㎡
142,충북,2018,12,8992.5,85㎡~102㎡
143,충북,2018,12,8873.699999999999,102㎡~
144,충북,2019,1,7461.299999999999,60㎡
145,충북,2019,1,7863.9,60㎡~85㎡
146,충북,2019,1,8992.5,85㎡~102㎡
147,충북,2019,1,8873.699999999999,102㎡~
148,충북,2019,2,7121.4,60㎡
149,충북,2019,2,7583.4,60㎡~85㎡
150,충북,2019,2,8992.5,85㎡~102㎡
151,충북,2019,2,8873.699999999999,102㎡~
152,충북,2019,3,7121.4,60㎡
153,충북,2019,3,7593.299999999999,60㎡~85㎡
154,충북,2019,3,9203.699999999999,85㎡~102㎡
155,충북,2019,3,8896.8,102㎡~
156,충북,2019,4,7121.4,60㎡
157,충북,2019,4,7632.9,60㎡~85㎡
158,충북,2019,4,9203.699999999999,85㎡~102㎡
159,충북,2019,4,8896.8,102㎡~
160,충북,2019,5,7121.4,60㎡
161,충북,2019,5,7636.2,60㎡~85㎡
162,충북,2019,5,8500.8,85㎡~102㎡
163,충북,2019,5,8820.9,102㎡~
164,충북,2019,6,7091.7,60㎡
165,충북,2019,6,7784.7,60㎡~85㎡
166,충북,2019,6,8500.8,85㎡~102㎡
167,충북,2019,6,8820.9,102㎡~
168,충북,2019,7,7091.7,60㎡
169,충북,2019,7,7642.799999999999,60㎡~85㎡
170,충북,2019,7,8500.8,85㎡~102㎡
171,충북,2019,7,8355.6,102㎡~
172,충북,2019,8,7009.2,60㎡
173,충북,2019,8,7461.299999999999,60㎡~85㎡
174,충북,2019,8,8500.8,85㎡~102㎡
175,충북,2019,8,8355.6,102㎡~
176,충북,2019,9,7599.9,60㎡
177,충북,2019,9,7537.2,60㎡~85㎡
178,충북,2019,9,8500.8,85㎡~102㎡
179,충북,2019,9,8355.6,102㎡~
180,충북,2019,10,7543.799999999999,60㎡
181,충북,2019,10,7563.599999999999,60㎡~85㎡
182,충북,2019,10,8692.199999999999,85㎡~102㎡
183,충북,2019,10,8355.6,102㎡~
184,충북,2019,11,7669.2,60㎡
185,충북,2019,11,7566.9,60㎡~85㎡
186,충북,2019,11,8692.199999999999,85㎡~102㎡
187,충북,2019,11,8355.6,102㎡~
188,충북,2019,12,7669.2,60㎡
189,충북,2019,12,7580.099999999999,60㎡~85㎡
190,충북,2019,12,8692.199999999999,85㎡~102㎡
191,충북,2019,12,8355.6,102㎡~
192,충북,2020,1,7669.2,60㎡
193,충북,2020,1,7580.099999999999,60㎡~85㎡
194,충북,2020,1,8692.199999999999,85㎡~102㎡
195,충북,2020,1,8355.6,102㎡~
196,충북,2020,2,7986.0,60㎡
197,충북,2020,2,7867.2,60㎡~85㎡
198,충북,2020,2,8692.199999999999,85㎡~102㎡
199,충북,2020,2,8355.6,102㎡~
200,충북,2020,3,7986.0,60㎡
201,충북,2020,3,7887.0,60㎡~85㎡
202,충북,2020,3,8692.199999999999,85㎡~102㎡
203,충북,2020,3,9094.8,102㎡~
204,충북,2020,4,7986.0,60㎡
205,충북,2020,4,7887.0,60㎡~85㎡
206,충북,2020,4,8692.199999999999,85㎡~102㎡
207,충북,2020,4,9094.8,102㎡~
208,충북,2020,5,7986.0,60㎡
209,충북,2020,5,7893.599999999999,60㎡~85㎡
210,충북,2020,5,9038.699999999999,85㎡~102㎡
211,충북,2020,5,9299.4,102㎡~
212,충북,2020,6,7986.0,60㎡
213,충북,2020,6,7916.7,60㎡~85㎡
214,충북,2020,6,9038.699999999999,85㎡~102㎡
215,충북,2020,6,9299.4,102㎡~
216,충북,2020,7,7986.0,60㎡
217,충북,2020,7,7916.7,60㎡~85㎡
218,충북,2020,7,9038.699999999999,85㎡~102㎡
219,충북,2020,7,9299.4,102㎡~
220,충북,2020,8,7913.4,60㎡
221,충북,2020,8,7916.7,60㎡~85㎡
222,충북,2020,8,9038.699999999999,85㎡~102㎡
223,충북,2020,8,9299.4,102㎡~
224,충북,2020,9,7880.4,60㎡
225,충북,2020,9,7910.099999999999,60㎡~85㎡
226,충북,2020,9,9038.699999999999,85㎡~102㎡
227,충북,2020,9,9299.4,102㎡~
228,충북,2020,10,7873.799999999999,60㎡
229,충북,2020,10,7916.7,60㎡~85㎡
230,충북,2020,10,9038.699999999999,85㎡~102㎡
231,충북,2020,10,9299.4,102㎡~
232,충북,2020,11,8022.299999999999,60㎡
233,충북,2020,11,8137.799999999999,60㎡~85㎡
234,충북,2020,11,9038.699999999999,85㎡~102㎡
235,충북,2020,11,9233.4,102㎡~
236,충북,2020,12,8550.3,60㎡
237,충북,2020,12,8596.5,60㎡~85㎡
238,충북,2020,12,8929.8,85㎡~102㎡
239,충북,2020,12,9230.1,102㎡~
0,전북,2016,1,6296.4,60㎡
1,전북,2016,1,6557.099999999999,60㎡~85㎡
2,전북,2016,1,7844.099999999999,85㎡~102㎡
3,전북,2016,1,7530.599999999999,102㎡~
4,전북,2016,2,6296.4,60㎡
5,전북,2016,2,6557.099999999999,60㎡~85㎡
6,전북,2016,2,7844.099999999999,85㎡~102㎡
7,전북,2016,2,7533.9,102㎡~
8,전북,2016,3,6303.0,60㎡
9,전북,2016,3,6464.7,60㎡~85㎡
10,전북,2016,3,7487.7,85㎡~102㎡
11,전북,2016,3,7566.9,102㎡~
12,전북,2016,4,6270.0,60㎡
13,전북,2016,4,6322.799999999999,60㎡~85㎡
14,전북,2016,4,7487.7,85㎡~102㎡
15,전북,2016,4,7854.0,102㎡~
16,전북,2016,5,6299.7,60㎡
17,전북,2016,5,6451.5,60㎡~85㎡
18,전북,2016,5,7487.7,85㎡~102㎡
19,전북,2016,5,7662.599999999999,102㎡~
20,전북,2016,6,6299.7,60㎡
21,전북,2016,6,6402.0,60㎡~85㎡
22,전북,2016,6,7487.7,85㎡~102㎡
23,전북,2016,6,7662.599999999999,102㎡~
24,전북,2016,7,6349.2,60㎡
25,전북,2016,7,6388.799999999999,60㎡~85㎡
26,전북,2016,7,7557.0,85㎡~102㎡
27,전북,2016,7,7665.9,102㎡~
28,전북,2016,8,6365.7,60㎡
29,전북,2016,8,6388.799999999999,60㎡~85㎡
30,전북,2016,8,7557.0,85㎡~102㎡
31,전북,2016,8,7665.9,102㎡~
32,전북,2016,9,6385.5,60㎡
33,전북,2016,9,6369.0,60㎡~85㎡
34,전북,2016,9,7580.099999999999,85㎡~102㎡
35,전북,2016,9,7665.9,102㎡~
36,전북,2016,10,6408.599999999999,60㎡
37,전북,2016,10,6378.9,60㎡~85㎡
38,전북,2016,10,7606.5,85㎡~102㎡
39,전북,2016,10,7669.2,102㎡~
40,전북,2016,11,6408.599999999999,60㎡
41,전북,2016,11,6382.2,60㎡~85㎡
42,전북,2016,11,7606.5,85㎡~102㎡
43,전북,2016,11,7659.299999999999,102㎡~
44,전북,2016,12,7474.5,60㎡
45,전북,2016,12,6613.2,60㎡~85㎡
46,전북,2016,12,7606.5,85㎡~102㎡
47,전북,2016,12,7659.299999999999,102㎡~
48,전북,2017,1,7639.5,60㎡
49,전북,2017,1,6613.2,60㎡~85㎡
50,전북,2017,1,7606.5,85㎡~102㎡
51,전북,2017,1,7659.299999999999,102㎡~
52,전북,2017,2,7741.799999999999,60㎡
53,전북,2017,2,6557.099999999999,60㎡~85㎡
54,전북,2017,2,7606.5,85㎡~102㎡
55,전북,2017,2,7590.0,102㎡~
56,전북,2017,3,7755.0,60㎡
57,전북,2017,3,6732.0,60㎡~85㎡
58,전북,2017,3,7659.299999999999,85㎡~102㎡
59,전북,2017,3,7639.5,102㎡~
60,전북,2017,4,7755.0,60㎡
61,전북,2017,4,6933.299999999999,60㎡~85㎡
62,전북,2017,4,7659.299999999999,85㎡~102㎡
63,전북,2017,4,7639.5,102㎡~
64,전북,2017,5,7662.599999999999,60㎡
65,전북,2017,5,7019.099999999999,60㎡~85㎡
66,전북,2017,5,7659.299999999999,85㎡~102㎡
67,전북,2017,5,7830.9,102㎡~
68,전북,2017,6,7662.599999999999,60㎡
69,전북,2017,6,7250.099999999999,60㎡~85㎡
70,전북,2017,6,7659.299999999999,85㎡~102㎡
71,전북,2017,6,7830.9,102㎡~
72,전북,2017,7,7834.2,60㎡
73,전북,2017,7,7240.2,60㎡~85㎡
74,전북,2017,7,8104.799999999999,85㎡~102㎡
75,전북,2017,7,7527.299999999999,102㎡~
76,전북,2017,8,7761.599999999999,60㎡
77,전북,2017,8,7296.299999999999,60㎡~85㎡
78,전북,2017,8,8104.799999999999,85㎡~102㎡
79,전북,2017,8,7527.299999999999,102㎡~
80,전북,2017,9,7570.2,60㎡
81,전북,2017,9,7322.7,60㎡~85㎡
82,전북,2017,9,8104.799999999999,85㎡~102㎡
83,전북,2017,9,7055.4,102㎡~
84,전북,2017,10,7454.7,60㎡
85,전북,2017,10,7170.9,60㎡~85㎡
86,전북,2017,10,8104.799999999999,85㎡~102㎡
87,전북,2017,10,7055.4,102㎡~
88,전북,2017,11,7339.2,60㎡
89,전북,2017,11,7019.099999999999,60㎡~85㎡
90,전북,2017,11,8104.799999999999,85㎡~102㎡
91,전북,2017,11,7055.4,102㎡~
92,전북,2017,12,7454.7,60㎡
93,전북,2017,12,7309.5,60㎡~85㎡
94,전북,2017,12,7329.299999999999,85㎡~102㎡
95,전북,2017,12,8028.9,102㎡~
96,전북,2018,1,7454.7,60㎡
97,전북,2018,1,7309.5,60㎡~85㎡
98,전북,2018,1,7329.299999999999,85㎡~102㎡
99,전북,2018,1,8028.9,102㎡~
100,전북,2018,2,7203.9,60㎡
101,전북,2018,2,7461.299999999999,60㎡~85㎡
102,전북,2018,2,7329.299999999999,85㎡~102㎡
103,전북,2018,2,8012.4,102㎡~
104,전북,2018,3,7203.9,60㎡
105,전북,2018,3,7425.0,60㎡~85㎡
106,전북,2018,3,7329.299999999999,85㎡~102㎡
107,전북,2018,3,8012.4,102㎡~
108,전북,2018,4,8586.6,60㎡
109,전북,2018,4,7563.599999999999,60㎡~85㎡
110,전북,2018,4,8698.8,85㎡~102㎡
111,전북,2018,4,9220.199999999999,102㎡~
112,전북,2018,5,8791.199999999999,60㎡
113,전북,2018,5,7590.0,60㎡~85㎡
114,전북,2018,5,8698.8,85㎡~102㎡
115,전북,2018,5,9220.199999999999,102㎡~
116,전북,2018,6,8791.199999999999,60㎡
117,전북,2018,6,7590.0,60㎡~85㎡
118,전북,2018,6,8698.8,85㎡~102㎡
119,전북,2018,6,9220.199999999999,102㎡~
120,전북,2018,7,8761.5,60㎡
121,전북,2018,7,7609.799999999999,60㎡~85㎡
122,전북,2018,7,8698.8,85㎡~102㎡
123,전북,2018,7,9405.0,102㎡~
124,전북,2018,8,8761.5,60㎡
125,전북,2018,8,7540.5,60㎡~85㎡
126,전북,2018,8,8698.8,85㎡~102㎡
127,전북,2018,8,9405.0,102㎡~
128,전북,2018,9,8761.5,60㎡
129,전북,2018,9,7540.5,60㎡~85㎡
130,전북,2018,9,8698.8,85㎡~102㎡
131,전북,2018,9,9405.0,102㎡~
132,전북,2018,10,8797.8,60㎡
133,전북,2018,10,7593.299999999999,60㎡~85㎡
134,전북,2018,10,8698.8,85㎡~102㎡
135,전북,2018,10,8669.1,102㎡~
136,전북,2018,11,8797.8,60㎡
137,전북,2018,11,7675.799999999999,60㎡~85㎡
138,전북,2018,11,8698.8,85㎡~102㎡
139,전북,2018,11,8556.9,102㎡~
140,전북,2018,12,8797.8,60㎡
141,전북,2018,12,7804.5,60㎡~85㎡
142,전북,2018,12,10071.6,85㎡~102㎡
143,전북,2018,12,8748.3,102㎡~
144,전북,2019,1,8797.8,60㎡
145,전북,2019,1,7804.5,60㎡~85㎡
146,전북,2019,1,10071.6,85㎡~102㎡
147,전북,2019,1,8748.3,102㎡~
148,전북,2019,2,8797.8,60㎡
149,전북,2019,2,7827.599999999999,60㎡~85㎡
150,전북,2019,2,10071.6,85㎡~102㎡
151,전북,2019,2,9084.9,102㎡~
152,전북,2019,3,8797.8,60㎡
153,전북,2019,3,8035.5,60㎡~85㎡
154,전북,2019,3,10071.6,85㎡~102㎡
155,전북,2019,3,9084.9,102㎡~
156,전북,2019,4,7933.2,60㎡
157,전북,2019,4,7900.2,60㎡~85㎡
158,전북,2019,4,8989.199999999999,85㎡~102㎡
159,전북,2019,4,8692.199999999999,102㎡~
160,전북,2019,5,7910.099999999999,60㎡
161,전북,2019,5,8134.5,60㎡~85㎡
162,전북,2019,5,8989.199999999999,85㎡~102㎡
163,전북,2019,5,8692.199999999999,102㎡~
164,전북,2019,6,7910.099999999999,60㎡
165,전북,2019,6,8134.5,60㎡~85㎡
166,전북,2019,6,8989.199999999999,85㎡~102㎡
167,전북,2019,6,8692.199999999999,102㎡~
168,전북,2019,7,7748.4,60㎡
169,전북,2019,7,8207.1,60㎡~85㎡
170,전북,2019,7,8989.199999999999,85㎡~102㎡
171,전북,2019,7,8903.4,102㎡~
172,전북,2019,8,7748.4,60㎡
173,전북,2019,8,8679.0,60㎡~85㎡
174,전북,2019,8,8989.199999999999,85㎡~102㎡
175,전북,2019,8,8903.4,102㎡~
176,전북,2019,9,7748.4,60㎡
177,전북,2019,9,8679.0,60㎡~85㎡
178,전북,2019,9,8989.199999999999,85㎡~102㎡
179,전북,2019,9,8903.4,102㎡~
180,전북,2019,10,7877.099999999999,60㎡
181,전북,2019,10,8388.6,60㎡~85㎡
182,전북,2019,10,9121.199999999999,85㎡~102㎡
183,전북,2019,10,8801.1,102㎡~
184,전북,2019,11,8335.8,60㎡
185,전북,2019,11,8111.4,60㎡~85㎡
186,전북,2019,11,9121.199999999999,85㎡~102㎡
187,전북,2019,11,8801.1,102㎡~
188,전북,2019,12,8335.8,60㎡
189,전북,2019,12,8111.4,60㎡~85㎡
190,전북,2019,12,9121.199999999999,85㎡~102㎡
191,전북,2019,12,8801.1,102㎡~
192,전북,2020,1,8335.8,60㎡
193,전북,2020,1,8111.4,60㎡~85㎡
194,전북,2020,1,9121.199999999999,85㎡~102㎡
195,전북,2020,1,8801.1,102㎡~
196,전북,2020,2,8335.8,60㎡
197,전북,2020,2,8111.4,60㎡~85㎡
198,전북,2020,2,9121.199999999999,85㎡~102㎡
199,전북,2020,2,8801.1,102㎡~
200,전북,2020,3,8335.8,60㎡
201,전북,2020,3,8111.4,60㎡~85㎡
202,전북,2020,3,9121.199999999999,85㎡~102㎡
203,전북,2020,3,8801.1,102㎡~
204,전북,2020,4,8655.9,60㎡
205,전북,2020,4,8279.699999999999,60㎡~85㎡
206,전북,2020,4,9936.3,85㎡~102㎡
207,전북,2020,4,9174.0,102㎡~
208,전북,2020,5,8487.6,60㎡
209,전북,2020,5,8147.7,60㎡~85㎡
210,전북,2020,5,9936.3,85㎡~102㎡
211,전북,2020,5,9174.0,102㎡~
212,전북,2020,6,8487.6,60㎡
213,전북,2020,6,8319.3,60㎡~85㎡
214,전북,2020,6,8943.0,85㎡~102㎡
215,전북,2020,6,8913.3,102㎡~
216,전북,2020,7,8487.6,60㎡
217,전북,2020,7,8259.9,60㎡~85㎡
218,전북,2020,7,8943.0,85㎡~102㎡
219,전북,2020,7,8919.9,102㎡~
220,전북,2020,8,8487.6,60㎡
221,전북,2020,8,8259.9,60㎡~85㎡
222,전북,2020,8,8943.0,85㎡~102㎡
223,전북,2020,8,8919.9,102㎡~
224,전북,2020,9,8566.8,60㎡
225,전북,2020,9,8365.5,60㎡~85㎡
226,전북,2020,9,8943.0,85㎡~102㎡
227,전북,2020,9,8919.9,102㎡~
228,전북,2020,10,8177.4,60㎡
229,전북,2020,10,8523.9,60㎡~85㎡
230,전북,2020,10,7949.7,85㎡~102㎡
231,전북,2020,10,8454.6,102㎡~
232,전북,2020,11,8408.4,60㎡
233,전북,2020,11,8556.9,60㎡~85㎡
234,전북,2020,11,7949.7,85㎡~102㎡
235,전북,2020,11,8454.6,102㎡~
236,전북,2020,12,8408.4,60㎡
237,전북,2020,12,8718.6,60㎡~85㎡
238,전북,2020,12,7949.7,85㎡~102㎡
239,전북,2020,12,8629.5,102㎡~
0,전남,2016,1,6596.7,60㎡
1,전남,2016,1,6289.799999999999,60㎡~85㎡
2,전남,2016,1,7464.599999999999,85㎡~102㎡
3,전남,2016,1,7180.799999999999,102㎡~
4,전남,2016,2,6596.7,60㎡
5,전남,2016,2,6339.299999999999,60㎡~85㎡
6,전남,2016,2,7464.599999999999,85㎡~102㎡
7,전남,2016,2,7180.799999999999,102㎡~
8,전남,2016,3,6606.599999999999,60㎡
9,전남,2016,3,6332.7,60㎡~85㎡
10,전남,2016,3,7464.599999999999,85㎡~102㎡
11,전남,2016,3,7180.799999999999,102㎡~
12,전남,2016,4,6563.7,60㎡
13,전남,2016,4,6345.9,60㎡~85㎡
14,전남,2016,4,7464.599999999999,85㎡~102㎡
15,전남,2016,4,7180.799999999999,102㎡~
16,전남,2016,5,6563.7,60㎡
17,전남,2016,5,6352.5,60㎡~85㎡
18,전남,2016,5,7464.599999999999,85㎡~102㎡
19,전남,2016,5,7180.799999999999,102㎡~
20,전남,2016,6,6563.7,60㎡
21,전남,2016,6,6481.2,60㎡~85㎡
22,전남,2016,6,7801.2,85㎡~102㎡
23,전남,2016,6,7471.2,102㎡~
24,전남,2016,7,6563.7,60㎡
25,전남,2016,7,6484.5,60㎡~85㎡
26,전남,2016,7,7801.2,85㎡~102㎡
27,전남,2016,7,7471.2,102㎡~
28,전남,2016,8,6563.7,60㎡
29,전남,2016,8,6477.9,60㎡~85㎡
30,전남,2016,8,7801.2,85㎡~102㎡
31,전남,2016,8,7471.2,102㎡~
32,전남,2016,9,6590.099999999999,60㎡
33,전남,2016,9,6487.799999999999,60㎡~85㎡
34,전남,2016,9,7801.2,85㎡~102㎡
35,전남,2016,9,7471.2,102㎡~
36,전남,2016,10,6791.4,60㎡
37,전남,2016,10,6547.2,60㎡~85㎡
38,전남,2016,10,8141.099999999999,85㎡~102㎡
39,전남,2016,10,7118.099999999999,102㎡~
40,전남,2016,11,6791.4,60㎡
41,전남,2016,11,6791.4,60㎡~85㎡
42,전남,2016,11,8141.099999999999,85㎡~102㎡
43,전남,2016,11,7464.599999999999,102㎡~
44,전남,2016,12,6791.4,60㎡
45,전남,2016,12,6844.2,60㎡~85㎡
46,전남,2016,12,8141.099999999999,85㎡~102㎡
47,전남,2016,12,7652.7,102㎡~
48,전남,2017,1,6791.4,60㎡
49,전남,2017,1,6844.2,60㎡~85㎡
50,전남,2017,1,8141.099999999999,85㎡~102㎡
51,전남,2017,1,7652.7,102㎡~
52,전남,2017,2,6791.4,60㎡
53,전남,2017,2,6916.799999999999,60㎡~85㎡
54,전남,2017,2,8141.099999999999,85㎡~102㎡
55,전남,2017,2,7652.7,102㎡~
56,전남,2017,3,7098.299999999999,60㎡
57,전남,2017,3,6910.2,60㎡~85㎡
58,전남,2017,3,7850.7,85㎡~102㎡
59,전남,2017,3,7613.099999999999,102㎡~
60,전남,2017,4,7098.299999999999,60㎡
61,전남,2017,4,6963.0,60㎡~85㎡
62,전남,2017,4,7850.7,85㎡~102㎡
63,전남,2017,4,7613.099999999999,102㎡~
64,전남,2017,5,7098.299999999999,60㎡
65,전남,2017,5,7157.7,60㎡~85㎡
66,전남,2017,5,7850.7,85㎡~102㎡
67,전남,2017,5,7613.099999999999,102㎡~
68,전남,2017,6,7098.299999999999,60㎡
69,전남,2017,6,7101.599999999999,60㎡~85㎡
70,전남,2017,6,7560.299999999999,85㎡~102㎡
71,전남,2017,6,7250.099999999999,102㎡~
72,전남,2017,7,7098.299999999999,60㎡
73,전남,2017,7,7104.9,60㎡~85㎡
74,전남,2017,7,7560.299999999999,85㎡~102㎡
75,전남,2017,7,7250.099999999999,102㎡~
76,전남,2017,8,7098.299999999999,60㎡
77,전남,2017,8,7329.299999999999,60㎡~85㎡
78,전남,2017,8,7560.299999999999,85㎡~102㎡
79,전남,2017,8,7250.099999999999,102㎡~
80,전남,2017,9,7098.299999999999,60㎡
81,전남,2017,9,7329.299999999999,60㎡~85㎡
82,전남,2017,9,7560.299999999999,85㎡~102㎡
83,전남,2017,9,7250.099999999999,102㎡~
84,전남,2017,10,7936.5,60㎡
85,전남,2017,10,7471.2,60㎡~85㎡
86,전남,2017,10,7560.299999999999,85㎡~102㎡
87,전남,2017,10,7903.5,102㎡~
88,전남,2017,11,8774.7,60㎡
89,전남,2017,11,7613.1,60㎡~85㎡
90,전남,2017,11,7560.299999999999,85㎡~102㎡
91,전남,2017,11,8556.900000000001,102㎡~
92,전남,2017,12,8009.099999999999,60㎡
93,전남,2017,12,7860.599999999999,60㎡~85㎡
94,전남,2017,12,7560.299999999999,85㎡~102㎡
95,전남,2017,12,7995.9,102㎡~
96,전남,2018,1,8009.099999999999,60㎡
97,전남,2018,1,7854.0,60㎡~85㎡
98,전남,2018,1,8114.7,85㎡~102㎡
99,전남,2018,1,8111.4,102㎡~
100,전남,2018,2,7352.4,60㎡
101,전남,2018,2,7712.099999999999,60㎡~85㎡
102,전남,2018,2,8114.7,85㎡~102㎡
103,전남,2018,2,7979.4,102㎡~
104,전남,2018,3,7352.4,60㎡
105,전남,2018,3,7708.799999999999,60㎡~85㎡
106,전남,2018,3,8669.1,85㎡~102㎡
107,전남,2018,3,8061.9,102㎡~
108,전남,2018,4,7352.4,60㎡
109,전남,2018,4,7738.5,60㎡~85㎡
110,전남,2018,4,8669.1,85㎡~102㎡
111,전남,2018,4,8147.7,102㎡~
112,전남,2018,5,7352.4,60㎡
113,전남,2018,5,7741.799999999999,60㎡~85㎡
114,전남,2018,5,8669.1,85㎡~102㎡
115,전남,2018,5,8147.7,102㎡~
116,전남,2018,6,7352.4,60㎡
117,전남,2018,6,7741.799999999999,60㎡~85㎡
118,전남,2018,6,8669.1,85㎡~102㎡
119,전남,2018,6,8147.7,102㎡~
120,전남,2018,7,7352.4,60㎡
121,전남,2018,7,7748.4,60㎡~85㎡
122,전남,2018,7,8669.1,85㎡~102㎡
123,전남,2018,7,8147.7,102㎡~
124,전남,2018,8,7352.4,60㎡
125,전남,2018,8,7748.4,60㎡~85㎡
126,전남,2018,8,8669.1,85㎡~102㎡
127,전남,2018,8,8147.7,102㎡~
128,전남,2018,9,7352.4,60㎡
129,전남,2018,9,7748.4,60㎡~85㎡
130,전남,2018,9,8669.1,85㎡~102㎡
131,전남,2018,9,8312.699999999999,102㎡~
132,전남,2018,10,7392.0,60㎡
133,전남,2018,10,7768.2,60㎡~85㎡
134,전남,2018,10,8669.1,85㎡~102㎡
135,전남,2018,10,8312.699999999999,102㎡~
136,전남,2018,11,7510.799999999999,60㎡
137,전남,2018,11,7695.599999999999,60㎡~85㎡
138,전남,2018,11,8190.599999999999,85㎡~102㎡
139,전남,2018,11,8256.6,102㎡~
140,전남,2018,12,7101.599999999999,60㎡
141,전남,2018,12,7857.299999999999,60㎡~85㎡
142,전남,2018,12,8190.599999999999,85㎡~102㎡
143,전남,2018,12,8688.9,102㎡~
144,전남,2019,1,7101.599999999999,60㎡
145,전남,2019,1,7936.5,60㎡~85㎡
146,전남,2019,1,7712.099999999999,85㎡~102㎡
147,전남,2019,1,8791.199999999999,102㎡~
148,전남,2019,2,7504.2,60㎡
149,전남,2019,2,7933.2,60㎡~85㎡
150,전남,2019,2,7712.099999999999,85㎡~102㎡
151,전남,2019,2,9527.1,102㎡~
152,전남,2019,3,7395.299999999999,60㎡
153,전남,2019,3,7863.9,60㎡~85㎡
154,전남,2019,3,7712.099999999999,85㎡~102㎡
155,전남,2019,3,9527.1,102㎡~
156,전남,2019,4,7395.299999999999,60㎡
157,전남,2019,4,7616.4,60㎡~85㎡
158,전남,2019,4,7712.099999999999,85㎡~102㎡
159,전남,2019,4,9748.199999999999,102㎡~
160,전남,2019,5,7395.299999999999,60㎡
161,전남,2019,5,7477.799999999999,60㎡~85㎡
162,전남,2019,5,7712.099999999999,85㎡~102㎡
163,전남,2019,5,9748.199999999999,102㎡~
164,전남,2019,6,7395.299999999999,60㎡
165,전남,2019,6,7642.799999999999,60㎡~85㎡
166,전남,2019,6,7712.099999999999,85㎡~102㎡
167,전남,2019,6,9507.3,102㎡~
168,전남,2019,7,7804.5,60㎡
169,전남,2019,7,7718.7,60㎡~85㎡
170,전남,2019,7,7712.099999999999,85㎡~102㎡
171,전남,2019,7,9909.9,102㎡~
172,전남,2019,8,8134.5,60㎡
173,전남,2019,8,7718.7,60㎡~85㎡
174,전남,2019,8,7712.099999999999,85㎡~102㎡
175,전남,2019,8,9909.9,102㎡~
176,전남,2019,9,8134.5,60㎡
177,전남,2019,9,8187.299999999999,60㎡~85㎡
178,전남,2019,9,7712.099999999999,85㎡~102㎡
179,전남,2019,9,10074.9,102㎡~
180,전남,2019,10,8134.5,60㎡
181,전남,2019,10,8230.199999999999,60㎡~85㎡
182,전남,2019,10,7712.099999999999,85㎡~102㎡
183,전남,2019,10,10074.9,102㎡~
184,전남,2019,11,8345.699999999999,60㎡
185,전남,2019,11,8296.199999999999,60㎡~85㎡
186,전남,2019,11,7712.099999999999,85㎡~102㎡
187,전남,2019,11,10074.9,102㎡~
188,전남,2019,12,8345.699999999999,60㎡
189,전남,2019,12,8091.599999999999,60㎡~85㎡
190,전남,2019,12,7712.099999999999,85㎡~102㎡
191,전남,2019,12,10074.9,102㎡~
192,전남,2020,1,8345.699999999999,60㎡
193,전남,2020,1,8203.8,60㎡~85㎡
194,전남,2020,1,7712.099999999999,85㎡~102㎡
195,전남,2020,1,10074.9,102㎡~
196,전남,2020,2,8345.699999999999,60㎡
197,전남,2020,2,8273.1,60㎡~85㎡
198,전남,2020,2,7712.099999999999,85㎡~102㎡
199,전남,2020,2,10074.9,102㎡~
200,전남,2020,3,8873.699999999999,60㎡
201,전남,2020,3,8477.699999999999,60㎡~85㎡
202,전남,2020,3,9916.5,85㎡~102㎡
203,전남,2020,3,12183.599999999999,102㎡~
204,전남,2020,4,8873.699999999999,60㎡
205,전남,2020,4,8530.5,60㎡~85㎡
206,전남,2020,4,9916.5,85㎡~102㎡
207,전남,2020,4,11985.599999999999,102㎡~
208,전남,2020,5,8873.699999999999,60㎡
209,전남,2020,5,8560.199999999999,60㎡~85㎡
210,전남,2020,5,9916.5,85㎡~102㎡
211,전남,2020,5,11985.599999999999,102㎡~
212,전남,2020,6,8873.699999999999,60㎡
213,전남,2020,6,8553.6,60㎡~85㎡
214,전남,2020,6,9916.5,85㎡~102㎡
215,전남,2020,6,12292.5,102㎡~
216,전남,2020,7,9127.8,60㎡
217,전남,2020,7,8533.8,60㎡~85㎡
218,전남,2020,7,9916.5,85㎡~102㎡
219,전남,2020,7,11985.599999999999,102㎡~
220,전남,2020,8,9381.9,60㎡
221,전남,2020,8,8844.0,60㎡~85㎡
222,전남,2020,8,9969.3,85㎡~102㎡
223,전남,2020,8,11988.9,102㎡~
224,전남,2020,9,9636.0,60㎡
225,전남,2020,9,8817.6,60㎡~85㎡
226,전남,2020,9,9969.3,85㎡~102㎡
227,전남,2020,9,11988.9,102㎡~
228,전남,2020,10,8778.0,60㎡
229,전남,2020,10,8906.699999999999,60㎡~85㎡
230,전남,2020,10,9969.3,85㎡~102㎡
231,전남,2020,10,12780.9,102㎡~
232,전남,2020,11,8778.0,60㎡
233,전남,2020,11,8900.1,60㎡~85㎡
234,전남,2020,11,9969.3,85㎡~102㎡
235,전남,2020,11,11837.099999999999,102㎡~
236,전남,2020,12,8778.0,60㎡
237,전남,2020,12,9345.6,60㎡~85㎡
238,전남,2020,12,9969.3,85㎡~102㎡
239,전남,2020,12,10929.599999999999,102㎡~
0,경남,2016,1,7491.0,60㎡
1,경남,2016,1,7748.4,60㎡~85㎡
2,경남,2016,1,9652.5,85㎡~102㎡
3,경남,2016,1,9332.4,102㎡~
4,경남,2016,2,7791.299999999999,60㎡
5,경남,2016,2,7837.5,60㎡~85㎡
6,경남,2016,2,9652.5,85㎡~102㎡
7,경남,2016,2,8820.9,102㎡~
8,경남,2016,3,7807.799999999999,60㎡
9,경남,2016,3,7893.599999999999,60㎡~85㎡
10,경남,2016,3,10074.9,85㎡~102㎡
11,경남,2016,3,8728.5,102㎡~
12,경남,2016,4,7962.9,60㎡
13,경남,2016,4,7883.7,60㎡~85㎡
14,경남,2016,4,10480.8,85㎡~102㎡
15,경남,2016,4,8778.0,102㎡~
16,경남,2016,5,7995.9,60㎡
17,경남,2016,5,7854.0,60㎡~85㎡
18,경남,2016,5,10817.4,85㎡~102㎡
19,경남,2016,5,9045.3,102㎡~
20,경남,2016,6,8127.9,60㎡
21,경남,2016,6,7860.599999999999,60㎡~85㎡
22,경남,2016,6,10071.6,85㎡~102㎡
23,경남,2016,6,9042.0,102㎡~
24,경남,2016,7,8025.599999999999,60㎡
25,경남,2016,7,7821.0,60㎡~85㎡
26,경남,2016,7,10071.6,85㎡~102㎡
27,경남,2016,7,9042.0,102㎡~
28,경남,2016,8,8025.599999999999,60㎡
29,경남,2016,8,7857.299999999999,60㎡~85㎡
30,경남,2016,8,9992.4,85㎡~102㎡
31,경남,2016,8,9104.699999999999,102㎡~
32,경남,2016,9,8015.7,60㎡
33,경남,2016,9,7877.099999999999,60㎡~85㎡
34,경남,2016,9,9385.199999999999,85㎡~102㎡
35,경남,2016,9,9028.8,102㎡~
36,경남,2016,10,8233.5,60㎡
37,경남,2016,10,7939.799999999999,60㎡~85㎡
38,경남,2016,10,9471.0,85㎡~102㎡
39,경남,2016,10,8705.4,102㎡~
40,경남,2016,11,8236.8,60㎡
41,경남,2016,11,7758.299999999999,60㎡~85㎡
42,경남,2016,11,9477.6,85㎡~102㎡
43,경남,2016,11,8649.3,102㎡~
44,경남,2016,12,8177.4,60㎡
45,경남,2016,12,7854.0,60㎡~85㎡
46,경남,2016,12,9477.6,85㎡~102㎡
47,경남,2016,12,8649.3,102㎡~
48,경남,2017,1,8177.4,60㎡
49,경남,2017,1,7860.599999999999,60㎡~85㎡
50,경남,2017,1,9477.6,85㎡~102㎡
51,경남,2017,1,8655.9,102㎡~
52,경남,2017,2,8497.5,60㎡
53,경남,2017,2,7837.5,60㎡~85㎡
54,경남,2017,2,9477.6,85㎡~102㎡
55,경남,2017,2,8962.8,102㎡~
56,경남,2017,3,8316.0,60㎡
57,경남,2017,3,7910.099999999999,60㎡~85㎡
58,경남,2017,3,9477.6,85㎡~102㎡
59,경남,2017,3,8768.1,102㎡~
60,경남,2017,4,8428.199999999999,60㎡
61,경남,2017,4,7890.299999999999,60㎡~85㎡
62,경남,2017,4,9477.6,85㎡~102㎡
63,경남,2017,4,8774.699999999999,102㎡~
64,경남,2017,5,8362.199999999999,60㎡
65,경남,2017,5,7943.099999999999,60㎡~85㎡
66,경남,2017,5,9480.9,85㎡~102㎡
67,경남,2017,5,8781.3,102㎡~
68,경남,2017,6,8233.5,60㎡
69,경남,2017,6,8022.299999999999,60㎡~85㎡
70,경남,2017,6,10038.6,85㎡~102㎡
71,경남,2017,6,9276.3,102㎡~
72,경남,2017,7,8454.6,60㎡
73,경남,2017,7,8085.0,60㎡~85㎡
74,경남,2017,7,10038.6,85㎡~102㎡
75,경남,2017,7,9325.8,102㎡~
76,경남,2017,8,8655.9,60㎡
77,경남,2017,8,8246.699999999999,60㎡~85㎡
78,경남,2017,8,10038.6,85㎡~102㎡
79,경남,2017,8,9464.4,102㎡~
80,경남,2017,9,8655.9,60㎡
81,경남,2017,9,8230.199999999999,60㎡~85㎡
82,경남,2017,9,13143.9,85㎡~102㎡
83,경남,2017,9,10388.4,102㎡~
84,경남,2017,10,8520.6,60㎡
85,경남,2017,10,7966.2,60㎡~85㎡
86,경남,2017,10,9804.3,85㎡~102㎡
87,경남,2017,10,9847.199999999999,102㎡~
88,경남,2017,11,8385.300000000001,60㎡
89,경남,2017,11,7702.200000000001,60㎡~85㎡
90,경남,2017,11,6464.699999999999,85㎡~102㎡
91,경남,2017,11,9305.999999999998,102㎡~
92,경남,2017,12,9187.199999999999,60㎡
93,경남,2017,12,8797.8,60㎡~85㎡
94,경남,2017,12,9616.199999999999,85㎡~102㎡
95,경남,2017,12,9358.8,102㎡~
96,경남,2018,1,9187.199999999999,60㎡
97,경남,2018,1,8797.8,60㎡~85㎡
98,경남,2018,1,9616.199999999999,85㎡~102㎡
99,경남,2018,1,9358.8,102㎡~
100,경남,2018,2,9187.199999999999,60㎡
101,경남,2018,2,8820.9,60㎡~85㎡
102,경남,2018,2,9616.199999999999,85㎡~102㎡
103,경남,2018,2,9358.8,102㎡~
104,경남,2018,3,9197.1,60㎡
105,경남,2018,3,8817.6,60㎡~85㎡
106,경남,2018,3,9428.1,85㎡~102㎡
107,경남,2018,3,9560.1,102㎡~
108,경남,2018,4,9035.4,60㎡
109,경남,2018,4,8807.699999999999,60㎡~85㎡
110,경남,2018,4,9428.1,85㎡~102㎡
111,경남,2018,4,9444.6,102㎡~
112,경남,2018,5,9035.4,60㎡
113,경남,2018,5,8820.9,60㎡~85㎡
114,경남,2018,5,9428.1,85㎡~102㎡
115,경남,2018,5,9444.6,102㎡~
116,경남,2018,6,9055.199999999999,60㎡
117,경남,2018,6,8820.9,60㎡~85㎡
118,경남,2018,6,9428.1,85㎡~102㎡
119,경남,2018,6,9444.6,102㎡~
120,경남,2018,7,9068.4,60㎡
121,경남,2018,7,8820.9,60㎡~85㎡
122,경남,2018,7,9428.1,85㎡~102㎡
123,경남,2018,7,9368.699999999999,102㎡~
124,경남,2018,8,9193.8,60㎡
125,경남,2018,8,8679.0,60㎡~85㎡
126,경남,2018,8,9428.1,85㎡~102㎡
127,경남,2018,8,9058.5,102㎡~
128,경남,2018,9,9586.5,60㎡
129,경남,2018,9,8962.8,60㎡~85㎡
130,경남,2018,9,9428.1,85㎡~102㎡
131,경남,2018,9,9857.1,102㎡~
132,경남,2018,10,9586.5,60㎡
133,경남,2018,10,9137.699999999999,60㎡~85㎡
134,경남,2018,10,9949.5,85㎡~102㎡
135,경남,2018,10,9857.1,102㎡~
136,경남,2018,11,9527.1,60㎡
137,경남,2018,11,9177.3,60㎡~85㎡
138,경남,2018,11,10470.9,85㎡~102㎡
139,경남,2018,11,9867.0,102㎡~
140,경남,2018,12,9527.1,60㎡
141,경남,2018,12,9616.199999999999,60㎡~85㎡
142,경남,2018,12,10470.9,85㎡~102㎡
143,경남,2018,12,12219.9,102㎡~
144,경남,2019,1,9527.1,60㎡
145,경남,2019,1,9616.199999999999,60㎡~85㎡
146,경남,2019,1,10470.9,85㎡~102㎡
147,경남,2019,1,12219.9,102㎡~
148,경남,2019,2,9527.1,60㎡
149,경남,2019,2,9599.699999999999,60㎡~85㎡
150,경남,2019,2,10470.9,85㎡~102㎡
151,경남,2019,2,12219.9,102㎡~
152,경남,2019,3,9160.8,60㎡
153,경남,2019,3,9421.5,60㎡~85㎡
154,경남,2019,3,10470.9,85㎡~102㎡
155,경남,2019,3,14199.9,102㎡~
156,경남,2019,4,9692.1,60㎡
157,경남,2019,4,9306.0,60㎡~85㎡
158,경남,2019,4,10470.9,85㎡~102㎡
159,경남,2019,4,14199.9,102㎡~
160,경남,2019,5,9692.1,60㎡
161,경남,2019,5,9652.5,60㎡~85㎡
162,경남,2019,5,10596.3,85㎡~102㎡
163,경남,2019,5,14199.9,102㎡~
164,경남,2019,6,9692.1,60㎡
165,경남,2019,6,9748.199999999999,60㎡~85㎡
166,경남,2019,6,10596.3,85㎡~102㎡
167,경남,2019,6,14199.9,102㎡~
168,경남,2019,7,9692.1,60㎡
169,경남,2019,7,9748.199999999999,60㎡~85㎡
170,경남,2019,7,10596.3,85㎡~102㎡
171,경남,2019,7,14199.9,102㎡~
172,경남,2019,8,9009.0,60㎡
173,경남,2019,8,9761.4,60㎡~85㎡
174,경남,2019,8,10596.3,85㎡~102㎡
175,경남,2019,8,14199.9,102㎡~
176,경남,2019,9,8325.9,60㎡
177,경남,2019,9,9801.0,60㎡~85㎡
178,경남,2019,9,10596.3,85㎡~102㎡
179,경남,2019,9,14199.9,102㎡~
180,경남,2019,10,7642.799999999999,60㎡
181,경남,2019,10,10480.8,60㎡~85㎡
182,경남,2019,10,10715.099999999999,85㎡~102㎡
183,경남,2019,10,14199.9,102㎡~
184,경남,2019,11,9174.0,60㎡
185,경남,2019,11,10474.199999999999,60㎡~85㎡
186,경남,2019,11,10715.099999999999,85㎡~102㎡
187,경남,2019,11,14199.9,102㎡~
188,경남,2019,12,9174.0,60㎡
189,경남,2019,12,10114.5,60㎡~85㎡
190,경남,2019,12,10715.099999999999,85㎡~102㎡
191,경남,2019,12,14199.9,102㎡~
192,경남,2020,1,9174.0,60㎡
193,경남,2020,1,10114.5,60㎡~85㎡
194,경남,2020,1,10715.099999999999,85㎡~102㎡
195,경남,2020,1,14199.9,102㎡~
196,경남,2020,2,9174.0,60㎡
197,경남,2020,2,10114.5,60㎡~85㎡
198,경남,2020,2,10715.099999999999,85㎡~102㎡
199,경남,2020,2,14199.9,102㎡~
200,경남,2020,3,9174.0,60㎡
201,경남,2020,3,9804.3,60㎡~85㎡
202,경남,2020,3,10715.099999999999,85㎡~102㎡
203,경남,2020,3,14199.9,102㎡~
204,경남,2020,4,9428.1,60㎡
205,경남,2020,4,10424.699999999999,60㎡~85㎡
206,경남,2020,4,10711.8,85㎡~102㎡
207,경남,2020,4,14199.9,102㎡~
208,경남,2020,5,9230.1,60㎡
209,경남,2020,5,9985.8,60㎡~85㎡
210,경남,2020,5,16298.699999999999,85㎡~102㎡
211,경남,2020,5,14199.9,102㎡~
212,경남,2020,6,9398.4,60㎡
213,경남,2020,6,10302.599999999999,60㎡~85㎡
214,경남,2020,6,16298.699999999999,85㎡~102㎡
215,경남,2020,6,14199.9,102㎡~
216,경남,2020,7,9787.8,60㎡
217,경남,2020,7,10259.699999999999,60㎡~85㎡
218,경남,2020,7,16298.699999999999,85㎡~102㎡
219,경남,2020,7,9629.4,102㎡~
220,경남,2020,8,9787.8,60㎡
221,경남,2020,8,10259.699999999999,60㎡~85㎡
222,경남,2020,8,16298.699999999999,85㎡~102㎡
223,경남,2020,8,9629.4,102㎡~
224,경남,2020,9,9787.8,60㎡
225,경남,2020,9,10259.699999999999,60㎡~85㎡
226,경남,2020,9,16298.699999999999,85㎡~102㎡
227,경남,2020,9,9629.4,102㎡~
228,경남,2020,10,9787.8,60㎡
229,경남,2020,10,10249.8,60㎡~85㎡
230,경남,2020,10,15576.0,85㎡~102㎡
231,경남,2020,10,10447.8,102㎡~
232,경남,2020,11,10127.699999999999,60㎡
233,경남,2020,11,10256.4,60㎡~85㎡
234,경남,2020,11,15576.0,85㎡~102㎡
235,경남,2020,11,10447.8,102㎡~
236,경남,2020,12,9702.0,60㎡
237,경남,2020,12,9810.9,60㎡~85㎡
238,경남,2020,12,15576.0,85㎡~102㎡
239,경남,2020,12,10447.8,102㎡~
